<?xml version="1.0" encoding="UTF-8" standalone="yes"?>
<links totalSize="-1">
  <link>
    <name>link_b59819f2-2ea6-4a6b-b34c-9ae458e41747</name>
    <contextItemName>wealth-management-demo-wc3</contextItemName>
    <parentItemName>masterpage_root</parentItemName>
    <createdBy>admin</createdBy>
    <createdTimestamp>2019-12-20T07:55:36Z</createdTimestamp>
    <lastModifiedBy>admin</lastModifiedBy>
    <lastModifiedTimestamp>2019-12-20T07:55:36Z</lastModifiedTimestamp>
    <securityProfile>ADMIN</securityProfile>
    <hidden>false</hidden>
    <tags/>
    <publishState>NOT_PUBLISHED</publishState>
    <referencedItem>
      <extendedItemName>page-bb-default</extendedItemName>
      <lockState>UNLOCKED</lockState>
      <publishState>NOT_PUBLISHED</publishState>
      <publishStateMaster>NOT_PUBLISHED</publishStateMaster>
      <uuid>7fc2704e-9f28-45a7-81f5-e3c34f93fa4f</uuid>
    </referencedItem>
    <uuid>a9698adf-ab31-4113-a4ca-0b63ad5a41bf</uuid>
    <locale>en-US</locale>
    <dir>ltr</dir>
    <lockState>UNLOCKED</lockState>
    <properties>
      <property name="sectionName" itemName="link_b59819f2-2ea6-4a6b-b34c-9ae458e41747" type="string" fromItem="a9698adf-ab31-4113-a4ca-0b63ad5a41bf">
        <value type="string">HandlebarsBlankPage</value>
      </property>
      <property name="itemType" itemName="link_b59819f2-2ea6-4a6b-b34c-9ae458e41747" type="string" fromItem="a9698adf-ab31-4113-a4ca-0b63ad5a41bf">
        <value type="string">page</value>
      </property>
      <property name="Description" itemName="link_b59819f2-2ea6-4a6b-b34c-9ae458e41747" type="string" fromItem="a9698adf-ab31-4113-a4ca-0b63ad5a41bf">
        <value type="string"></value>
      </property>
      <property name="generatedUrl" itemName="link_b59819f2-2ea6-4a6b-b34c-9ae458e41747" type="string" fromItem="a9698adf-ab31-4113-a4ca-0b63ad5a41bf">
        <value type="string">wealth-management-demo-wc3/HandlebarsBlankPage</value>
      </property>
      <property name="ItemRef" itemName="link_b59819f2-2ea6-4a6b-b34c-9ae458e41747" type="uuidRef" fromItem="a9698adf-ab31-4113-a4ca-0b63ad5a41bf">
        <value type="uuidRef">7fc2704e-9f28-45a7-81f5-e3c34f93fa4f</value>
      </property>
      <property name="title" itemName="link_b59819f2-2ea6-4a6b-b34c-9ae458e41747" type="string" fromItem="a9698adf-ab31-4113-a4ca-0b63ad5a41bf">
        <value type="string">Web-basic</value>
      </property>
      <property name="SecuritySameAsParent" itemName="link_b59819f2-2ea6-4a6b-b34c-9ae458e41747" type="boolean" fromItem="a9698adf-ab31-4113-a4ca-0b63ad5a41bf">
        <value type="boolean">true</value>
      </property>
      <property name="order" itemName="link_b59819f2-2ea6-4a6b-b34c-9ae458e41747" type="double" fromItem="a9698adf-ab31-4113-a4ca-0b63ad5a41bf">
        <value type="double">0.0</value>
      </property>
    </properties>
    <children/>
    <finalUrl>wealth-management-demo-wc3/HandlebarsBlankPage</finalUrl>
    <path>/gateway/wealth-management-demo-wc3/HandlebarsBlankPage</path>
  </link>
  <link>
    <name>portal_error</name>
    <contextItemName>wealth-management-demo-wc3</contextItemName>
    <parentItemName>navroot_notinmenu</parentItemName>
    <createdBy>admin</createdBy>
    <createdTimestamp>2019-12-20T07:55:36Z</createdTimestamp>
    <lastModifiedBy>admin</lastModifiedBy>
    <lastModifiedTimestamp>2019-12-20T07:55:36Z</lastModifiedTimestamp>
    <securityProfile>ADMIN</securityProfile>
    <hidden>false</hidden>
    <tags/>
    <publishState>NOT_PUBLISHED</publishState>
    <referencedItem>
      <extendedItemName>HandlebarsBlankPage</extendedItemName>
      <lockState>UNLOCKED</lockState>
      <publishState>NOT_PUBLISHED</publishState>
      <publishStateMaster>NOT_PUBLISHED</publishStateMaster>
      <uuid>41965a59-fa7d-46a6-88fa-b4bd2b0beb69</uuid>
    </referencedItem>
    <uuid>1014c6bd-00db-4c80-90d3-80c8b39589d0</uuid>
    <locale>en-US</locale>
    <dir>ltr</dir>
    <lockState>UNLOCKED</lockState>
    <properties>
      <property name="sectionName" itemName="portal_error" localizable="true" type="string" fromItem="1014c6bd-00db-4c80-90d3-80c8b39589d0">
        <value type="string">error</value>
      </property>
      <property name="itemType" itemName="portal_error" type="string" fromItem="1014c6bd-00db-4c80-90d3-80c8b39589d0">
        <value type="string">page</value>
      </property>
      <property name="Description" itemName="portal_error" type="string" fromItem="1014c6bd-00db-4c80-90d3-80c8b39589d0">
        <value type="string"></value>
      </property>
      <property name="generatedUrl" itemName="portal_error" type="string" fromItem="1014c6bd-00db-4c80-90d3-80c8b39589d0">
        <value type="string">wealth-management-demo-wc3/error</value>
      </property>
      <property name="ItemRef" itemName="portal_error" type="uuidRef" fromItem="1014c6bd-00db-4c80-90d3-80c8b39589d0">
        <value type="uuidRef">41965a59-fa7d-46a6-88fa-b4bd2b0beb69</value>
      </property>
      <property name="title" itemName="portal_error" localizable="true" type="string" fromItem="1014c6bd-00db-4c80-90d3-80c8b39589d0">
        <value type="string">Error</value>
      </property>
      <property name="order" itemName="portal_error" type="double" fromItem="1014c6bd-00db-4c80-90d3-80c8b39589d0">
        <value type="double">10.0</value>
      </property>
      <property name="SecuritySameAsParent" itemName="portal_error" type="boolean" fromItem="1014c6bd-00db-4c80-90d3-80c8b39589d0">
        <value type="boolean">false</value>
      </property>
    </properties>
    <children/>
    <finalUrl>wealth-management-demo-wc3/error</finalUrl>
    <path>/gateway/wealth-management-demo-wc3/error</path>
  </link>
  <link>
    <name>portal_login</name>
    <contextItemName>wealth-management-demo-wc3</contextItemName>
    <parentItemName>navroot_notinmenu</parentItemName>
    <createdBy>admin</createdBy>
    <createdTimestamp>2019-12-20T07:55:36Z</createdTimestamp>
    <lastModifiedBy>admin</lastModifiedBy>
    <lastModifiedTimestamp>2019-12-20T07:55:36Z</lastModifiedTimestamp>
    <securityProfile>ADMIN</securityProfile>
    <hidden>false</hidden>
    <tags/>
    <publishState>NOT_PUBLISHED</publishState>
    <referencedItem>
      <extendedItemName>HandlebarsBlankPage</extendedItemName>
      <lockState>UNLOCKED</lockState>
      <publishState>NOT_PUBLISHED</publishState>
      <publishStateMaster>NOT_PUBLISHED</publishStateMaster>
      <uuid>91396171-9a35-4b7d-a33b-1466f169a57c</uuid>
    </referencedItem>
    <uuid>c6386bd8-5a67-4195-a158-288ae17881dc</uuid>
    <locale>en-US</locale>
    <dir>ltr</dir>
    <lockState>UNLOCKED</lockState>
    <properties>
      <property name="sectionName" itemName="portal_login" localizable="true" type="string" fromItem="c6386bd8-5a67-4195-a158-288ae17881dc">
        <value type="string">login</value>
      </property>
      <property name="itemType" itemName="portal_login" type="string" fromItem="c6386bd8-5a67-4195-a158-288ae17881dc">
        <value type="string">page</value>
      </property>
      <property name="Description" itemName="portal_login" type="string" fromItem="c6386bd8-5a67-4195-a158-288ae17881dc">
        <value type="string"></value>
      </property>
      <property name="generatedUrl" itemName="portal_login" type="string" fromItem="c6386bd8-5a67-4195-a158-288ae17881dc">
        <value type="string">wealth-management-demo-wc3/login</value>
      </property>
      <property name="ItemRef" itemName="portal_login" type="uuidRef" fromItem="c6386bd8-5a67-4195-a158-288ae17881dc">
        <value type="uuidRef">91396171-9a35-4b7d-a33b-1466f169a57c</value>
      </property>
      <property name="title" itemName="portal_login" localizable="true" type="string" fromItem="c6386bd8-5a67-4195-a158-288ae17881dc">
        <value type="string">Login</value>
      </property>
      <property name="order" itemName="portal_login" type="double" fromItem="c6386bd8-5a67-4195-a158-288ae17881dc">
        <value type="double">10.0</value>
      </property>
      <property name="SecuritySameAsParent" itemName="portal_login" type="boolean" fromItem="c6386bd8-5a67-4195-a158-288ae17881dc">
        <value type="boolean">false</value>
      </property>
    </properties>
    <children/>
    <finalUrl>wealth-management-demo-wc3/login</finalUrl>
    <path>/gateway/wealth-management-demo-wc3/login</path>
  </link>
  <link>
    <name>navroot_mainmenu</name>
    <contextItemName>wealth-management-demo-wc3</contextItemName>
    <parentItemName>wealth-management-demo-wc3</parentItemName>
    <createdBy>admin</createdBy>
    <createdTimestamp>2019-12-20T07:55:36Z</createdTimestamp>
    <lastModifiedBy>admin</lastModifiedBy>
    <lastModifiedTimestamp>2019-12-20T07:55:36Z</lastModifiedTimestamp>
    <securityProfile>ADMIN</securityProfile>
    <hidden>false</hidden>
    <tags/>
    <publishState>NOT_PUBLISHED</publishState>
    <uuid>8eda8e5a-f1d4-4da9-83fa-9742a88f1fe4</uuid>
    <locale>en-US</locale>
    <dir>ltr</dir>
    <lockState>UNLOCKED</lockState>
    <properties>
      <property name="sectionName" itemName="navroot_mainmenu" localizable="true" type="string" fromItem="8eda8e5a-f1d4-4da9-83fa-9742a88f1fe4">
        <value type="string">main</value>
      </property>
      <property name="itemType" itemName="navroot_mainmenu" type="string" fromItem="8eda8e5a-f1d4-4da9-83fa-9742a88f1fe4">
        <value type="string">menuHeader</value>
      </property>
      <property name="Description" itemName="navroot_mainmenu" type="string" fromItem="8eda8e5a-f1d4-4da9-83fa-9742a88f1fe4">
        <value type="string"></value>
      </property>
      <property name="generatedUrl" itemName="navroot_mainmenu" type="string" fromItem="8eda8e5a-f1d4-4da9-83fa-9742a88f1fe4">
        <value type="string">wealth-management-demo-wc3/main</value>
      </property>
      <property name="title" itemName="navroot_mainmenu" localizable="true" type="string" fromItem="8eda8e5a-f1d4-4da9-83fa-9742a88f1fe4">
        <value type="string">Main Navigation</value>
      </property>
      <property name="order" itemName="navroot_mainmenu" type="double" fromItem="8eda8e5a-f1d4-4da9-83fa-9742a88f1fe4">
        <value type="double">10.0</value>
      </property>
      <property name="SecuritySameAsParent" itemName="navroot_mainmenu" type="boolean" fromItem="8eda8e5a-f1d4-4da9-83fa-9742a88f1fe4">
        <value type="boolean">true</value>
      </property>
    </properties>
    <children>
      <link>
        <type>link</type>
        <name>link_1544175993607</name>
        <contextItemName>wealth-management-demo-wc3</contextItemName>
        <parentItemName>navroot_mainmenu</parentItemName>
        <createdBy>admin</createdBy>
        <createdTimestamp>2019-12-20T07:55:36Z</createdTimestamp>
        <lastModifiedBy>admin</lastModifiedBy>
        <lastModifiedTimestamp>2019-12-20T07:55:36Z</lastModifiedTimestamp>
        <securityProfile>ADMIN</securityProfile>
        <hidden>false</hidden>
        <tags/>
        <referencedItem>
          <extendedItemName>HandlebarsBlankPage</extendedItemName>
          <lockState>UNLOCKED</lockState>
          <publishState>NOT_PUBLISHED</publishState>
          <publishStateMaster>NOT_PUBLISHED</publishStateMaster>
          <uuid>293d5104-fce5-4fb0-b04c-0b67f8a7f251</uuid>
        </referencedItem>
        <uuid>505b9eb5-4603-4f00-8641-dce6df65f353</uuid>
        <locale>en-US</locale>
        <dir>ltr</dir>
        <lockState>UNLOCKED</lockState>
        <properties>
          <property name="sectionName" itemName="link_1544175993607" localizable="true" type="string" fromItem="505b9eb5-4603-4f00-8641-dce6df65f353">
            <value type="string">dashboard</value>
          </property>
          <property name="itemType" itemName="link_1544175993607" type="string" fromItem="505b9eb5-4603-4f00-8641-dce6df65f353">
            <value type="string">page</value>
          </property>
          <property name="Description" itemName="link_1544175993607" type="string" fromItem="505b9eb5-4603-4f00-8641-dce6df65f353">
            <value type="string"></value>
          </property>
          <property name="generatedUrl" itemName="link_1544175993607" type="string" fromItem="505b9eb5-4603-4f00-8641-dce6df65f353">
            <value type="string">wealth-management-demo-wc3/dashboard</value>
          </property>
          <property name="ItemRef" itemName="link_1544175993607" type="uuidRef" fromItem="505b9eb5-4603-4f00-8641-dce6df65f353">
            <value type="uuidRef">293d5104-fce5-4fb0-b04c-0b67f8a7f251</value>
          </property>
          <property name="title" itemName="link_1544175993607" localizable="true" type="string" fromItem="505b9eb5-4603-4f00-8641-dce6df65f353">
            <value type="string">Dashboard</value>
          </property>
          <property name="order" itemName="link_1544175993607" type="double" fromItem="505b9eb5-4603-4f00-8641-dce6df65f353">
            <value type="double">257.5</value>
          </property>
          <property name="SecuritySameAsParent" itemName="link_1544175993607" type="boolean" fromItem="505b9eb5-4603-4f00-8641-dce6df65f353">
            <value type="boolean">true</value>
          </property>
        </properties>
        <children/>
        <finalUrl>wealth-management-demo-wc3/dashboard</finalUrl>
        <path>/gateway/wealth-management-demo-wc3/dashboard</path>
      </link>
    </children>
    <finalUrl>wealth-management-demo-wc3/main</finalUrl>
  </link>
  <link>
    <name>navroot_notinmenu</name>
    <contextItemName>wealth-management-demo-wc3</contextItemName>
    <parentItemName>wealth-management-demo-wc3</parentItemName>
    <createdBy>admin</createdBy>
    <createdTimestamp>2019-12-20T07:55:36Z</createdTimestamp>
    <lastModifiedBy>admin</lastModifiedBy>
    <lastModifiedTimestamp>2019-12-20T07:55:36Z</lastModifiedTimestamp>
    <securityProfile>ADMIN</securityProfile>
    <hidden>false</hidden>
    <tags/>
    <publishState>NOT_PUBLISHED</publishState>
    <uuid>9da08b02-9341-4c60-a598-ec2c4adb0d54</uuid>
    <locale>en-US</locale>
    <dir>ltr</dir>
    <lockState>UNLOCKED</lockState>
    <properties>
      <property name="sectionName" itemName="navroot_notinmenu" localizable="true" type="string" fromItem="9da08b02-9341-4c60-a598-ec2c4adb0d54">
        <value type="string">special-pages</value>
      </property>
      <property name="itemType" itemName="navroot_notinmenu" type="string" fromItem="9da08b02-9341-4c60-a598-ec2c4adb0d54">
        <value type="string">menuHeader</value>
      </property>
      <property name="Description" itemName="navroot_notinmenu" type="string" fromItem="9da08b02-9341-4c60-a598-ec2c4adb0d54">
        <value type="string"></value>
      </property>
      <property name="generatedUrl" itemName="navroot_notinmenu" type="string" fromItem="9da08b02-9341-4c60-a598-ec2c4adb0d54">
        <value type="string">wealth-management-demo-wc3/special-pages</value>
      </property>
      <property name="title" itemName="navroot_notinmenu" localizable="true" type="string" fromItem="9da08b02-9341-4c60-a598-ec2c4adb0d54">
        <value type="string">Special Pages</value>
      </property>
      <property name="order" itemName="navroot_notinmenu" type="double" fromItem="9da08b02-9341-4c60-a598-ec2c4adb0d54">
        <value type="double">20.0</value>
      </property>
      <property name="SecuritySameAsParent" itemName="navroot_notinmenu" type="boolean" fromItem="9da08b02-9341-4c60-a598-ec2c4adb0d54">
        <value type="boolean">true</value>
      </property>
    </properties>
    <children>
      <link>
        <name>portal_login</name>
        <contextItemName>wealth-management-demo-wc3</contextItemName>
        <parentItemName>navroot_notinmenu</parentItemName>
        <createdBy>admin</createdBy>
        <createdTimestamp>2019-12-20T07:55:36Z</createdTimestamp>
        <lastModifiedBy>admin</lastModifiedBy>
        <lastModifiedTimestamp>2019-12-20T07:55:36Z</lastModifiedTimestamp>
        <securityProfile>ADMIN</securityProfile>
        <hidden>false</hidden>
        <tags/>
        <referencedItem>
          <extendedItemName>HandlebarsBlankPage</extendedItemName>
          <lockState>UNLOCKED</lockState>
          <publishState>NOT_PUBLISHED</publishState>
          <publishStateMaster>NOT_PUBLISHED</publishStateMaster>
          <uuid>91396171-9a35-4b7d-a33b-1466f169a57c</uuid>
        </referencedItem>
        <uuid>c6386bd8-5a67-4195-a158-288ae17881dc</uuid>
        <locale>en-US</locale>
        <dir>ltr</dir>
        <lockState>UNLOCKED</lockState>
        <properties>
          <property name="sectionName" itemName="portal_login" localizable="true" type="string" fromItem="c6386bd8-5a67-4195-a158-288ae17881dc">
            <value type="string">login</value>
          </property>
          <property name="itemType" itemName="portal_login" type="string" fromItem="c6386bd8-5a67-4195-a158-288ae17881dc">
            <value type="string">page</value>
          </property>
          <property name="Description" itemName="portal_login" type="string" fromItem="c6386bd8-5a67-4195-a158-288ae17881dc">
            <value type="string"></value>
          </property>
          <property name="generatedUrl" itemName="portal_login" type="string" fromItem="c6386bd8-5a67-4195-a158-288ae17881dc">
            <value type="string">wealth-management-demo-wc3/login</value>
          </property>
          <property name="ItemRef" itemName="portal_login" type="uuidRef" fromItem="c6386bd8-5a67-4195-a158-288ae17881dc">
            <value type="uuidRef">91396171-9a35-4b7d-a33b-1466f169a57c</value>
          </property>
          <property name="title" itemName="portal_login" localizable="true" type="string" fromItem="c6386bd8-5a67-4195-a158-288ae17881dc">
            <value type="string">Login</value>
          </property>
          <property name="order" itemName="portal_login" type="double" fromItem="c6386bd8-5a67-4195-a158-288ae17881dc">
            <value type="double">10.0</value>
          </property>
          <property name="SecuritySameAsParent" itemName="portal_login" type="boolean" fromItem="c6386bd8-5a67-4195-a158-288ae17881dc">
            <value type="boolean">false</value>
          </property>
        </properties>
        <children/>
        <finalUrl>wealth-management-demo-wc3/login</finalUrl>
        <path>/gateway/wealth-management-demo-wc3/login</path>
      </link>
      <link>
        <name>portal_error</name>
        <contextItemName>wealth-management-demo-wc3</contextItemName>
        <parentItemName>navroot_notinmenu</parentItemName>
        <createdBy>admin</createdBy>
        <createdTimestamp>2019-12-20T07:55:36Z</createdTimestamp>
        <lastModifiedBy>admin</lastModifiedBy>
        <lastModifiedTimestamp>2019-12-20T07:55:36Z</lastModifiedTimestamp>
        <securityProfile>ADMIN</securityProfile>
        <hidden>false</hidden>
        <tags/>
        <referencedItem>
          <extendedItemName>HandlebarsBlankPage</extendedItemName>
          <lockState>UNLOCKED</lockState>
          <publishState>NOT_PUBLISHED</publishState>
          <publishStateMaster>NOT_PUBLISHED</publishStateMaster>
          <uuid>41965a59-fa7d-46a6-88fa-b4bd2b0beb69</uuid>
        </referencedItem>
        <uuid>1014c6bd-00db-4c80-90d3-80c8b39589d0</uuid>
        <locale>en-US</locale>
        <dir>ltr</dir>
        <lockState>UNLOCKED</lockState>
        <properties>
          <property name="sectionName" itemName="portal_error" localizable="true" type="string" fromItem="1014c6bd-00db-4c80-90d3-80c8b39589d0">
            <value type="string">error</value>
          </property>
          <property name="itemType" itemName="portal_error" type="string" fromItem="1014c6bd-00db-4c80-90d3-80c8b39589d0">
            <value type="string">page</value>
          </property>
          <property name="Description" itemName="portal_error" type="string" fromItem="1014c6bd-00db-4c80-90d3-80c8b39589d0">
            <value type="string"></value>
          </property>
          <property name="generatedUrl" itemName="portal_error" type="string" fromItem="1014c6bd-00db-4c80-90d3-80c8b39589d0">
            <value type="string">wealth-management-demo-wc3/error</value>
          </property>
          <property name="ItemRef" itemName="portal_error" type="uuidRef" fromItem="1014c6bd-00db-4c80-90d3-80c8b39589d0">
            <value type="uuidRef">41965a59-fa7d-46a6-88fa-b4bd2b0beb69</value>
          </property>
          <property name="title" itemName="portal_error" localizable="true" type="string" fromItem="1014c6bd-00db-4c80-90d3-80c8b39589d0">
            <value type="string">Error</value>
          </property>
          <property name="order" itemName="portal_error" type="double" fromItem="1014c6bd-00db-4c80-90d3-80c8b39589d0">
            <value type="double">10.0</value>
          </property>
          <property name="SecuritySameAsParent" itemName="portal_error" type="boolean" fromItem="1014c6bd-00db-4c80-90d3-80c8b39589d0">
            <value type="boolean">false</value>
          </property>
        </properties>
        <children/>
        <finalUrl>wealth-management-demo-wc3/error</finalUrl>
        <path>/gateway/wealth-management-demo-wc3/error</path>
      </link>
    </children>
    <finalUrl>wealth-management-demo-wc3/special-pages</finalUrl>
  </link>
  <link>
    <name>masterpage_root</name>
    <contextItemName>wealth-management-demo-wc3</contextItemName>
    <parentItemName>wealth-management-demo-wc3</parentItemName>
    <createdBy>admin</createdBy>
    <createdTimestamp>2019-12-20T07:55:36Z</createdTimestamp>
    <lastModifiedBy>admin</lastModifiedBy>
    <lastModifiedTimestamp>2019-12-20T07:55:36Z</lastModifiedTimestamp>
    <securityProfile>ADMIN</securityProfile>
    <hidden>false</hidden>
    <tags/>
    <publishState>NOT_PUBLISHED</publishState>
    <uuid>011c8532-0d74-47a1-a344-bbe60c84cbab</uuid>
    <locale>en-US</locale>
    <dir>ltr</dir>
    <lockState>UNLOCKED</lockState>
    <properties>
      <property name="sectionName" itemName="masterpage_root" localizable="true" type="string" fromItem="011c8532-0d74-47a1-a344-bbe60c84cbab">
        <value type="string">master-pages</value>
      </property>
      <property name="itemType" itemName="masterpage_root" type="string" fromItem="011c8532-0d74-47a1-a344-bbe60c84cbab">
        <value type="string">menuHeader</value>
      </property>
      <property name="Description" itemName="masterpage_root" type="string" fromItem="011c8532-0d74-47a1-a344-bbe60c84cbab">
        <value type="string"></value>
      </property>
      <property name="generatedUrl" itemName="masterpage_root" type="string" fromItem="011c8532-0d74-47a1-a344-bbe60c84cbab">
        <value type="string">wealth-management-demo-wc3/master-pages</value>
      </property>
      <property name="title" itemName="masterpage_root" localizable="true" type="string" fromItem="011c8532-0d74-47a1-a344-bbe60c84cbab">
        <value type="string">Master Pages</value>
      </property>
      <property name="order" itemName="masterpage_root" type="double" fromItem="011c8532-0d74-47a1-a344-bbe60c84cbab">
        <value type="double">30.0</value>
      </property>
      <property name="SecuritySameAsParent" itemName="masterpage_root" type="boolean" fromItem="011c8532-0d74-47a1-a344-bbe60c84cbab">
        <value type="boolean">false</value>
      </property>
    </properties>
    <children>
      <link>
        <name>link_b59819f2-2ea6-4a6b-b34c-9ae458e41747</name>
        <contextItemName>wealth-management-demo-wc3</contextItemName>
        <parentItemName>masterpage_root</parentItemName>
        <createdBy>admin</createdBy>
        <createdTimestamp>2019-12-20T07:55:36Z</createdTimestamp>
        <lastModifiedBy>admin</lastModifiedBy>
        <lastModifiedTimestamp>2019-12-20T07:55:36Z</lastModifiedTimestamp>
        <securityProfile>ADMIN</securityProfile>
        <hidden>false</hidden>
        <tags/>
        <referencedItem>
          <extendedItemName>page-bb-default</extendedItemName>
          <lockState>UNLOCKED</lockState>
          <publishState>NOT_PUBLISHED</publishState>
          <publishStateMaster>NOT_PUBLISHED</publishStateMaster>
          <uuid>7fc2704e-9f28-45a7-81f5-e3c34f93fa4f</uuid>
        </referencedItem>
        <uuid>a9698adf-ab31-4113-a4ca-0b63ad5a41bf</uuid>
        <locale>en-US</locale>
        <dir>ltr</dir>
        <lockState>UNLOCKED</lockState>
        <properties>
          <property name="sectionName" itemName="link_b59819f2-2ea6-4a6b-b34c-9ae458e41747" type="string" fromItem="a9698adf-ab31-4113-a4ca-0b63ad5a41bf">
            <value type="string">HandlebarsBlankPage</value>
          </property>
          <property name="itemType" itemName="link_b59819f2-2ea6-4a6b-b34c-9ae458e41747" type="string" fromItem="a9698adf-ab31-4113-a4ca-0b63ad5a41bf">
            <value type="string">page</value>
          </property>
          <property name="Description" itemName="link_b59819f2-2ea6-4a6b-b34c-9ae458e41747" type="string" fromItem="a9698adf-ab31-4113-a4ca-0b63ad5a41bf">
            <value type="string"></value>
          </property>
          <property name="generatedUrl" itemName="link_b59819f2-2ea6-4a6b-b34c-9ae458e41747" type="string" fromItem="a9698adf-ab31-4113-a4ca-0b63ad5a41bf">
            <value type="string">wealth-management-demo-wc3/HandlebarsBlankPage</value>
          </property>
          <property name="ItemRef" itemName="link_b59819f2-2ea6-4a6b-b34c-9ae458e41747" type="uuidRef" fromItem="a9698adf-ab31-4113-a4ca-0b63ad5a41bf">
            <value type="uuidRef">7fc2704e-9f28-45a7-81f5-e3c34f93fa4f</value>
          </property>
          <property name="title" itemName="link_b59819f2-2ea6-4a6b-b34c-9ae458e41747" type="string" fromItem="a9698adf-ab31-4113-a4ca-0b63ad5a41bf">
            <value type="string">Web-basic</value>
          </property>
          <property name="SecuritySameAsParent" itemName="link_b59819f2-2ea6-4a6b-b34c-9ae458e41747" type="boolean" fromItem="a9698adf-ab31-4113-a4ca-0b63ad5a41bf">
            <value type="boolean">true</value>
          </property>
          <property name="order" itemName="link_b59819f2-2ea6-4a6b-b34c-9ae458e41747" type="double" fromItem="a9698adf-ab31-4113-a4ca-0b63ad5a41bf">
            <value type="double">0.0</value>
          </property>
        </properties>
        <children/>
        <finalUrl>wealth-management-demo-wc3/HandlebarsBlankPage</finalUrl>
        <path>/gateway/wealth-management-demo-wc3/HandlebarsBlankPage</path>
      </link>
    </children>
    <finalUrl>wealth-management-demo-wc3/master-pages</finalUrl>
  </link>
  <link>
    <type>link</type>
    <name>link_1544175993607</name>
    <contextItemName>wealth-management-demo-wc3</contextItemName>
    <parentItemName>navroot_mainmenu</parentItemName>
    <createdBy>admin</createdBy>
    <createdTimestamp>2019-12-20T07:55:36Z</createdTimestamp>
    <lastModifiedBy>admin</lastModifiedBy>
    <lastModifiedTimestamp>2019-12-20T07:55:36Z</lastModifiedTimestamp>
    <securityProfile>ADMIN</securityProfile>
    <hidden>false</hidden>
    <tags/>
    <publishState>NOT_PUBLISHED</publishState>
    <referencedItem>
      <extendedItemName>HandlebarsBlankPage</extendedItemName>
      <lockState>UNLOCKED</lockState>
      <publishState>NOT_PUBLISHED</publishState>
      <publishStateMaster>NOT_PUBLISHED</publishStateMaster>
      <uuid>293d5104-fce5-4fb0-b04c-0b67f8a7f251</uuid>
    </referencedItem>
    <uuid>505b9eb5-4603-4f00-8641-dce6df65f353</uuid>
    <locale>en-US</locale>
    <dir>ltr</dir>
    <lockState>UNLOCKED</lockState>
    <properties>
      <property name="sectionName" itemName="link_1544175993607" localizable="true" type="string" fromItem="505b9eb5-4603-4f00-8641-dce6df65f353">
        <value type="string">dashboard</value>
      </property>
      <property name="itemType" itemName="link_1544175993607" type="string" fromItem="505b9eb5-4603-4f00-8641-dce6df65f353">
        <value type="string">page</value>
      </property>
      <property name="Description" itemName="link_1544175993607" type="string" fromItem="505b9eb5-4603-4f00-8641-dce6df65f353">
        <value type="string"></value>
      </property>
      <property name="generatedUrl" itemName="link_1544175993607" type="string" fromItem="505b9eb5-4603-4f00-8641-dce6df65f353">
        <value type="string">wealth-management-demo-wc3/dashboard</value>
      </property>
      <property name="ItemRef" itemName="link_1544175993607" type="uuidRef" fromItem="505b9eb5-4603-4f00-8641-dce6df65f353">
        <value type="uuidRef">293d5104-fce5-4fb0-b04c-0b67f8a7f251</value>
      </property>
      <property name="title" itemName="link_1544175993607" localizable="true" type="string" fromItem="505b9eb5-4603-4f00-8641-dce6df65f353">
        <value type="string">Dashboard</value>
      </property>
      <property name="order" itemName="link_1544175993607" type="double" fromItem="505b9eb5-4603-4f00-8641-dce6df65f353">
        <value type="double">257.5</value>
      </property>
      <property name="SecuritySameAsParent" itemName="link_1544175993607" type="boolean" fromItem="505b9eb5-4603-4f00-8641-dce6df65f353">
        <value type="boolean">true</value>
      </property>
    </properties>
    <children/>
    <finalUrl>wealth-management-demo-wc3/dashboard</finalUrl>
    <path>/gateway/wealth-management-demo-wc3/dashboard</path>
  </link>
</links>