<?xml version="1.0" encoding="UTF-8" standalone="yes"?>
<portals totalSize="-1">
  <portal>
    <name>gherkin2040</name>
    <contextItemName>[BBHOST]</contextItemName>
    <createdBy>admin</createdBy>
    <createdTimestamp>2019-12-20T11:23:36Z</createdTimestamp>
    <lastModifiedBy>admin</lastModifiedBy>
    <lastModifiedTimestamp>2019-12-20T11:23:37Z</lastModifiedTimestamp>
    <securityProfile>ADMIN</securityProfile>
    <hidden>false</hidden>
    <tags/>
    <publishState>NOT_PUBLISHED</publishState>
    <uuid>1a21c968-d706-4b85-babf-364355634089</uuid>
    <locale>en</locale>
    <dir>ltr</dir>
    <lockState>UNLOCKED</lockState>
    <properties>
      <property name="locales" itemName="gherkin2040" manageable="true" type="string" fromItem="1a21c968-d706-4b85-babf-364355634089">
        <value type="string">en-US</value>
      </property>
      <property name="ErrorPage" itemName="gherkin2040" manageable="true" type="string" fromItem="1a21c968-d706-4b85-babf-364355634089">
        <value type="string">gherkin2040/error</value>
      </property>
      <property name="Description" itemName="gherkin2040" manageable="true" type="string" fromItem="1a21c968-d706-4b85-babf-364355634089">
        <value type="string"></value>
      </property>
      <property name="TypeOfTags" itemName="gherkin2040" manageable="true" type="string" fromItem="1a21c968-d706-4b85-babf-364355634089">
        <value type="string">tracking</value>
      </property>
      <property name="DefaultLandingPage" itemName="gherkin2040" manageable="true" type="string" fromItem="1a21c968-d706-4b85-babf-364355634089">
        <value type="string">gherkin2040/index</value>
      </property>
      <property name="AccessDeniedPage" itemName="gherkin2040" manageable="true" type="string" fromItem="1a21c968-d706-4b85-babf-364355634089">
        <value type="string">gherkin2040/login?error=accessdenied</value>
      </property>
      <property name="title" itemName="gherkin2040" manageable="true" type="string" fromItem="1a21c968-d706-4b85-babf-364355634089">
        <value type="string">gherkin2040</value>
      </property>
      <property name="LoginPage" itemName="gherkin2040" manageable="true" type="string" fromItem="1a21c968-d706-4b85-babf-364355634089">
        <value type="string">gherkin2040/login</value>
      </property>
    </properties>
    <children/>
  </portal>
  <portal>
    <name>gherkin5317</name>
    <contextItemName>[BBHOST]</contextItemName>
    <createdBy>admin</createdBy>
    <createdTimestamp>2019-12-20T11:21:44Z</createdTimestamp>
    <lastModifiedBy>admin</lastModifiedBy>
    <lastModifiedTimestamp>2019-12-20T11:21:44Z</lastModifiedTimestamp>
    <securityProfile>ADMIN</securityProfile>
    <hidden>false</hidden>
    <tags/>
    <publishState>NOT_PUBLISHED</publishState>
    <uuid>a54799d7-e8c9-4c7e-b099-2cb089fffdf4</uuid>
    <locale>en</locale>
    <dir>ltr</dir>
    <lockState>UNLOCKED</lockState>
    <properties>
      <property name="locales" itemName="gherkin5317" manageable="true" type="string" fromItem="a54799d7-e8c9-4c7e-b099-2cb089fffdf4">
        <value type="string">en-US</value>
      </property>
      <property name="ErrorPage" itemName="gherkin5317" manageable="true" type="string" fromItem="a54799d7-e8c9-4c7e-b099-2cb089fffdf4">
        <value type="string">gherkin5317/error</value>
      </property>
      <property name="Description" itemName="gherkin5317" manageable="true" type="string" fromItem="a54799d7-e8c9-4c7e-b099-2cb089fffdf4">
        <value type="string"></value>
      </property>
      <property name="TypeOfTags" itemName="gherkin5317" manageable="true" type="string" fromItem="a54799d7-e8c9-4c7e-b099-2cb089fffdf4">
        <value type="string">tracking</value>
      </property>
      <property name="DefaultLandingPage" itemName="gherkin5317" manageable="true" type="string" fromItem="a54799d7-e8c9-4c7e-b099-2cb089fffdf4">
        <value type="string">gherkin5317/index</value>
      </property>
      <property name="AccessDeniedPage" itemName="gherkin5317" manageable="true" type="string" fromItem="a54799d7-e8c9-4c7e-b099-2cb089fffdf4">
        <value type="string">gherkin5317/login?error=accessdenied</value>
      </property>
      <property name="title" itemName="gherkin5317" manageable="true" type="string" fromItem="a54799d7-e8c9-4c7e-b099-2cb089fffdf4">
        <value type="string">gherkin5317</value>
      </property>
      <property name="LoginPage" itemName="gherkin5317" manageable="true" type="string" fromItem="a54799d7-e8c9-4c7e-b099-2cb089fffdf4">
        <value type="string">gherkin5317/login</value>
      </property>
    </properties>
    <children/>
  </portal>
  <portal>
    <name>gherkin3677</name>
    <contextItemName>[BBHOST]</contextItemName>
    <createdBy>admin</createdBy>
    <createdTimestamp>2019-12-20T11:19:57Z</createdTimestamp>
    <lastModifiedBy>admin</lastModifiedBy>
    <lastModifiedTimestamp>2019-12-20T11:19:58Z</lastModifiedTimestamp>
    <securityProfile>ADMIN</securityProfile>
    <hidden>false</hidden>
    <tags/>
    <publishState>NOT_PUBLISHED</publishState>
    <uuid>f10fc9ae-cf04-430e-a5e9-0e247f8a8b73</uuid>
    <locale>en</locale>
    <dir>ltr</dir>
    <lockState>UNLOCKED</lockState>
    <properties>
      <property name="locales" itemName="gherkin3677" manageable="true" type="string" fromItem="f10fc9ae-cf04-430e-a5e9-0e247f8a8b73">
        <value type="string">en-US</value>
      </property>
      <property name="ErrorPage" itemName="gherkin3677" manageable="true" type="string" fromItem="f10fc9ae-cf04-430e-a5e9-0e247f8a8b73">
        <value type="string">gherkin3677/error</value>
      </property>
      <property name="Description" itemName="gherkin3677" manageable="true" type="string" fromItem="f10fc9ae-cf04-430e-a5e9-0e247f8a8b73">
        <value type="string"></value>
      </property>
      <property name="TypeOfTags" itemName="gherkin3677" manageable="true" type="string" fromItem="f10fc9ae-cf04-430e-a5e9-0e247f8a8b73">
        <value type="string">tracking</value>
      </property>
      <property name="DefaultLandingPage" itemName="gherkin3677" manageable="true" type="string" fromItem="f10fc9ae-cf04-430e-a5e9-0e247f8a8b73">
        <value type="string">gherkin3677/index</value>
      </property>
      <property name="AccessDeniedPage" itemName="gherkin3677" manageable="true" type="string" fromItem="f10fc9ae-cf04-430e-a5e9-0e247f8a8b73">
        <value type="string">gherkin3677/login?error=accessdenied</value>
      </property>
      <property name="title" itemName="gherkin3677" manageable="true" type="string" fromItem="f10fc9ae-cf04-430e-a5e9-0e247f8a8b73">
        <value type="string">gherkin3677</value>
      </property>
      <property name="LoginPage" itemName="gherkin3677" manageable="true" type="string" fromItem="f10fc9ae-cf04-430e-a5e9-0e247f8a8b73">
        <value type="string">gherkin3677/login</value>
      </property>
    </properties>
    <children/>
  </portal>
  <portal>
    <name>gherkin5299</name>
    <contextItemName>[BBHOST]</contextItemName>
    <createdBy>admin</createdBy>
    <createdTimestamp>2019-12-20T11:19:16Z</createdTimestamp>
    <lastModifiedBy>admin</lastModifiedBy>
    <lastModifiedTimestamp>2019-12-20T11:19:17Z</lastModifiedTimestamp>
    <securityProfile>ADMIN</securityProfile>
    <hidden>false</hidden>
    <tags/>
    <publishState>NOT_PUBLISHED</publishState>
    <uuid>ef82c490-c8c8-42d5-9470-28f68c40e9df</uuid>
    <locale>en</locale>
    <dir>ltr</dir>
    <lockState>UNLOCKED</lockState>
    <properties>
      <property name="locales" itemName="gherkin5299" manageable="true" type="string" fromItem="ef82c490-c8c8-42d5-9470-28f68c40e9df">
        <value type="string">en-US</value>
      </property>
      <property name="ErrorPage" itemName="gherkin5299" manageable="true" type="string" fromItem="ef82c490-c8c8-42d5-9470-28f68c40e9df">
        <value type="string">gherkin5299/error</value>
      </property>
      <property name="Description" itemName="gherkin5299" manageable="true" type="string" fromItem="ef82c490-c8c8-42d5-9470-28f68c40e9df">
        <value type="string"></value>
      </property>
      <property name="TypeOfTags" itemName="gherkin5299" manageable="true" type="string" fromItem="ef82c490-c8c8-42d5-9470-28f68c40e9df">
        <value type="string">tracking</value>
      </property>
      <property name="DefaultLandingPage" itemName="gherkin5299" manageable="true" type="string" fromItem="ef82c490-c8c8-42d5-9470-28f68c40e9df">
        <value type="string">gherkin5299/index</value>
      </property>
      <property name="AccessDeniedPage" itemName="gherkin5299" manageable="true" type="string" fromItem="ef82c490-c8c8-42d5-9470-28f68c40e9df">
        <value type="string">gherkin5299/login?error=accessdenied</value>
      </property>
      <property name="title" itemName="gherkin5299" manageable="true" type="string" fromItem="ef82c490-c8c8-42d5-9470-28f68c40e9df">
        <value type="string">gherkin5299</value>
      </property>
      <property name="LoginPage" itemName="gherkin5299" manageable="true" type="string" fromItem="ef82c490-c8c8-42d5-9470-28f68c40e9df">
        <value type="string">gherkin5299/login</value>
      </property>
    </properties>
    <children/>
  </portal>
  <portal>
    <name>gherkin5703</name>
    <contextItemName>[BBHOST]</contextItemName>
    <createdBy>admin</createdBy>
    <createdTimestamp>2019-12-20T11:18:16Z</createdTimestamp>
    <lastModifiedBy>admin</lastModifiedBy>
    <lastModifiedTimestamp>2019-12-20T11:18:16Z</lastModifiedTimestamp>
    <securityProfile>ADMIN</securityProfile>
    <hidden>false</hidden>
    <tags/>
    <publishState>NOT_PUBLISHED</publishState>
    <uuid>fe9af0b3-6af3-4f9f-8e4c-9468b3b92327</uuid>
    <locale>en</locale>
    <dir>ltr</dir>
    <lockState>UNLOCKED</lockState>
    <properties>
      <property name="locales" itemName="gherkin5703" manageable="true" type="string" fromItem="fe9af0b3-6af3-4f9f-8e4c-9468b3b92327">
        <value type="string">en-US</value>
      </property>
      <property name="ErrorPage" itemName="gherkin5703" manageable="true" type="string" fromItem="fe9af0b3-6af3-4f9f-8e4c-9468b3b92327">
        <value type="string">gherkin5703/error</value>
      </property>
      <property name="Description" itemName="gherkin5703" manageable="true" type="string" fromItem="fe9af0b3-6af3-4f9f-8e4c-9468b3b92327">
        <value type="string"></value>
      </property>
      <property name="TypeOfTags" itemName="gherkin5703" manageable="true" type="string" fromItem="fe9af0b3-6af3-4f9f-8e4c-9468b3b92327">
        <value type="string">tracking</value>
      </property>
      <property name="DefaultLandingPage" itemName="gherkin5703" manageable="true" type="string" fromItem="fe9af0b3-6af3-4f9f-8e4c-9468b3b92327">
        <value type="string">gherkin5703/index</value>
      </property>
      <property name="AccessDeniedPage" itemName="gherkin5703" manageable="true" type="string" fromItem="fe9af0b3-6af3-4f9f-8e4c-9468b3b92327">
        <value type="string">gherkin5703/login?error=accessdenied</value>
      </property>
      <property name="title" itemName="gherkin5703" manageable="true" type="string" fromItem="fe9af0b3-6af3-4f9f-8e4c-9468b3b92327">
        <value type="string">gherkin5703</value>
      </property>
      <property name="LoginPage" itemName="gherkin5703" manageable="true" type="string" fromItem="fe9af0b3-6af3-4f9f-8e4c-9468b3b92327">
        <value type="string">gherkin5703/login</value>
      </property>
    </properties>
    <children/>
  </portal>
  <portal>
    <name>gherkin8542</name>
    <contextItemName>[BBHOST]</contextItemName>
    <createdBy>admin</createdBy>
    <createdTimestamp>2019-12-20T11:06:57Z</createdTimestamp>
    <lastModifiedBy>admin</lastModifiedBy>
    <lastModifiedTimestamp>2019-12-20T11:06:58Z</lastModifiedTimestamp>
    <securityProfile>ADMIN</securityProfile>
    <hidden>false</hidden>
    <tags/>
    <publishState>NOT_PUBLISHED</publishState>
    <uuid>4fdeddcc-7647-4763-af3e-22ee08edcd5d</uuid>
    <locale>en</locale>
    <dir>ltr</dir>
    <lockState>UNLOCKED</lockState>
    <properties>
      <property name="locales" itemName="gherkin8542" manageable="true" type="string" fromItem="4fdeddcc-7647-4763-af3e-22ee08edcd5d">
        <value type="string">en-US</value>
      </property>
      <property name="ErrorPage" itemName="gherkin8542" manageable="true" type="string" fromItem="4fdeddcc-7647-4763-af3e-22ee08edcd5d">
        <value type="string">gherkin8542/error</value>
      </property>
      <property name="Description" itemName="gherkin8542" manageable="true" type="string" fromItem="4fdeddcc-7647-4763-af3e-22ee08edcd5d">
        <value type="string"></value>
      </property>
      <property name="TypeOfTags" itemName="gherkin8542" manageable="true" type="string" fromItem="4fdeddcc-7647-4763-af3e-22ee08edcd5d">
        <value type="string">tracking</value>
      </property>
      <property name="DefaultLandingPage" itemName="gherkin8542" manageable="true" type="string" fromItem="4fdeddcc-7647-4763-af3e-22ee08edcd5d">
        <value type="string">gherkin8542/index</value>
      </property>
      <property name="AccessDeniedPage" itemName="gherkin8542" manageable="true" type="string" fromItem="4fdeddcc-7647-4763-af3e-22ee08edcd5d">
        <value type="string">gherkin8542/login?error=accessdenied</value>
      </property>
      <property name="title" itemName="gherkin8542" manageable="true" type="string" fromItem="4fdeddcc-7647-4763-af3e-22ee08edcd5d">
        <value type="string">gherkin8542</value>
      </property>
      <property name="LoginPage" itemName="gherkin8542" manageable="true" type="string" fromItem="4fdeddcc-7647-4763-af3e-22ee08edcd5d">
        <value type="string">gherkin8542/login</value>
      </property>
    </properties>
    <children/>
  </portal>
  <portal>
    <name>gherkin9922</name>
    <contextItemName>[BBHOST]</contextItemName>
    <createdBy>admin</createdBy>
    <createdTimestamp>2019-12-20T11:06:24Z</createdTimestamp>
    <lastModifiedBy>admin</lastModifiedBy>
    <lastModifiedTimestamp>2019-12-20T11:06:25Z</lastModifiedTimestamp>
    <securityProfile>ADMIN</securityProfile>
    <hidden>false</hidden>
    <tags/>
    <publishState>NOT_PUBLISHED</publishState>
    <uuid>211b8746-34f0-4fa0-aafd-4b71af1c1813</uuid>
    <locale>en</locale>
    <dir>ltr</dir>
    <lockState>UNLOCKED</lockState>
    <properties>
      <property name="locales" itemName="gherkin9922" manageable="true" type="string" fromItem="211b8746-34f0-4fa0-aafd-4b71af1c1813">
        <value type="string">en-US</value>
      </property>
      <property name="ErrorPage" itemName="gherkin9922" manageable="true" type="string" fromItem="211b8746-34f0-4fa0-aafd-4b71af1c1813">
        <value type="string">gherkin9922/error</value>
      </property>
      <property name="Description" itemName="gherkin9922" manageable="true" type="string" fromItem="211b8746-34f0-4fa0-aafd-4b71af1c1813">
        <value type="string"></value>
      </property>
      <property name="TypeOfTags" itemName="gherkin9922" manageable="true" type="string" fromItem="211b8746-34f0-4fa0-aafd-4b71af1c1813">
        <value type="string">tracking</value>
      </property>
      <property name="DefaultLandingPage" itemName="gherkin9922" manageable="true" type="string" fromItem="211b8746-34f0-4fa0-aafd-4b71af1c1813">
        <value type="string">gherkin9922/index</value>
      </property>
      <property name="AccessDeniedPage" itemName="gherkin9922" manageable="true" type="string" fromItem="211b8746-34f0-4fa0-aafd-4b71af1c1813">
        <value type="string">gherkin9922/login?error=accessdenied</value>
      </property>
      <property name="title" itemName="gherkin9922" manageable="true" type="string" fromItem="211b8746-34f0-4fa0-aafd-4b71af1c1813">
        <value type="string">gherkin9922</value>
      </property>
      <property name="LoginPage" itemName="gherkin9922" manageable="true" type="string" fromItem="211b8746-34f0-4fa0-aafd-4b71af1c1813">
        <value type="string">gherkin9922/login</value>
      </property>
    </properties>
    <children/>
  </portal>
  <portal>
    <name>gherkin8597</name>
    <contextItemName>[BBHOST]</contextItemName>
    <createdBy>admin</createdBy>
    <createdTimestamp>2019-12-20T10:57:38Z</createdTimestamp>
    <lastModifiedBy>admin</lastModifiedBy>
    <lastModifiedTimestamp>2019-12-20T10:57:38Z</lastModifiedTimestamp>
    <securityProfile>ADMIN</securityProfile>
    <hidden>false</hidden>
    <tags/>
    <publishState>NOT_PUBLISHED</publishState>
    <uuid>627bdb32-63b3-440b-a7e2-bfa9f7307c62</uuid>
    <locale>en</locale>
    <dir>ltr</dir>
    <lockState>UNLOCKED</lockState>
    <properties>
      <property name="locales" itemName="gherkin8597" manageable="true" type="string" fromItem="627bdb32-63b3-440b-a7e2-bfa9f7307c62">
        <value type="string">en-US</value>
      </property>
      <property name="ErrorPage" itemName="gherkin8597" manageable="true" type="string" fromItem="627bdb32-63b3-440b-a7e2-bfa9f7307c62">
        <value type="string">gherkin8597/error</value>
      </property>
      <property name="Description" itemName="gherkin8597" manageable="true" type="string" fromItem="627bdb32-63b3-440b-a7e2-bfa9f7307c62">
        <value type="string"></value>
      </property>
      <property name="TypeOfTags" itemName="gherkin8597" manageable="true" type="string" fromItem="627bdb32-63b3-440b-a7e2-bfa9f7307c62">
        <value type="string">tracking</value>
      </property>
      <property name="DefaultLandingPage" itemName="gherkin8597" manageable="true" type="string" fromItem="627bdb32-63b3-440b-a7e2-bfa9f7307c62">
        <value type="string">gherkin8597/index</value>
      </property>
      <property name="AccessDeniedPage" itemName="gherkin8597" manageable="true" type="string" fromItem="627bdb32-63b3-440b-a7e2-bfa9f7307c62">
        <value type="string">gherkin8597/login?error=accessdenied</value>
      </property>
      <property name="title" itemName="gherkin8597" manageable="true" type="string" fromItem="627bdb32-63b3-440b-a7e2-bfa9f7307c62">
        <value type="string">gherkin8597</value>
      </property>
      <property name="LoginPage" itemName="gherkin8597" manageable="true" type="string" fromItem="627bdb32-63b3-440b-a7e2-bfa9f7307c62">
        <value type="string">gherkin8597/login</value>
      </property>
    </properties>
    <children/>
  </portal>
  <portal>
    <name>gherkin2422</name>
    <contextItemName>[BBHOST]</contextItemName>
    <createdBy>admin</createdBy>
    <createdTimestamp>2019-12-20T10:55:57Z</createdTimestamp>
    <lastModifiedBy>admin</lastModifiedBy>
    <lastModifiedTimestamp>2019-12-20T10:55:57Z</lastModifiedTimestamp>
    <securityProfile>ADMIN</securityProfile>
    <hidden>false</hidden>
    <tags/>
    <publishState>NOT_PUBLISHED</publishState>
    <uuid>e2868189-57f8-4c70-acc3-a29013119fce</uuid>
    <locale>en</locale>
    <dir>ltr</dir>
    <lockState>UNLOCKED</lockState>
    <properties>
      <property name="locales" itemName="gherkin2422" manageable="true" type="string" fromItem="e2868189-57f8-4c70-acc3-a29013119fce">
        <value type="string">en-US</value>
      </property>
      <property name="ErrorPage" itemName="gherkin2422" manageable="true" type="string" fromItem="e2868189-57f8-4c70-acc3-a29013119fce">
        <value type="string">gherkin2422/error</value>
      </property>
      <property name="Description" itemName="gherkin2422" manageable="true" type="string" fromItem="e2868189-57f8-4c70-acc3-a29013119fce">
        <value type="string"></value>
      </property>
      <property name="TypeOfTags" itemName="gherkin2422" manageable="true" type="string" fromItem="e2868189-57f8-4c70-acc3-a29013119fce">
        <value type="string">tracking</value>
      </property>
      <property name="DefaultLandingPage" itemName="gherkin2422" manageable="true" type="string" fromItem="e2868189-57f8-4c70-acc3-a29013119fce">
        <value type="string">gherkin2422/index</value>
      </property>
      <property name="AccessDeniedPage" itemName="gherkin2422" manageable="true" type="string" fromItem="e2868189-57f8-4c70-acc3-a29013119fce">
        <value type="string">gherkin2422/login?error=accessdenied</value>
      </property>
      <property name="title" itemName="gherkin2422" manageable="true" type="string" fromItem="e2868189-57f8-4c70-acc3-a29013119fce">
        <value type="string">gherkin2422</value>
      </property>
      <property name="LoginPage" itemName="gherkin2422" manageable="true" type="string" fromItem="e2868189-57f8-4c70-acc3-a29013119fce">
        <value type="string">gherkin2422/login</value>
      </property>
    </properties>
    <children/>
  </portal>
  <portal>
    <name>gherkin3901</name>
    <contextItemName>[BBHOST]</contextItemName>
    <createdBy>admin</createdBy>
    <createdTimestamp>2019-12-20T10:54:37Z</createdTimestamp>
    <lastModifiedBy>admin</lastModifiedBy>
    <lastModifiedTimestamp>2019-12-20T10:54:38Z</lastModifiedTimestamp>
    <securityProfile>ADMIN</securityProfile>
    <hidden>false</hidden>
    <tags/>
    <publishState>NOT_PUBLISHED</publishState>
    <uuid>04e69a99-6d53-4ff0-84bd-9f9b1bb2038a</uuid>
    <locale>en</locale>
    <dir>ltr</dir>
    <lockState>UNLOCKED</lockState>
    <properties>
      <property name="locales" itemName="gherkin3901" manageable="true" type="string" fromItem="04e69a99-6d53-4ff0-84bd-9f9b1bb2038a">
        <value type="string">en-US</value>
      </property>
      <property name="ErrorPage" itemName="gherkin3901" manageable="true" type="string" fromItem="04e69a99-6d53-4ff0-84bd-9f9b1bb2038a">
        <value type="string">gherkin3901/error</value>
      </property>
      <property name="Description" itemName="gherkin3901" manageable="true" type="string" fromItem="04e69a99-6d53-4ff0-84bd-9f9b1bb2038a">
        <value type="string"></value>
      </property>
      <property name="TypeOfTags" itemName="gherkin3901" manageable="true" type="string" fromItem="04e69a99-6d53-4ff0-84bd-9f9b1bb2038a">
        <value type="string">tracking</value>
      </property>
      <property name="DefaultLandingPage" itemName="gherkin3901" manageable="true" type="string" fromItem="04e69a99-6d53-4ff0-84bd-9f9b1bb2038a">
        <value type="string">gherkin3901/index</value>
      </property>
      <property name="AccessDeniedPage" itemName="gherkin3901" manageable="true" type="string" fromItem="04e69a99-6d53-4ff0-84bd-9f9b1bb2038a">
        <value type="string">gherkin3901/login?error=accessdenied</value>
      </property>
      <property name="title" itemName="gherkin3901" manageable="true" type="string" fromItem="04e69a99-6d53-4ff0-84bd-9f9b1bb2038a">
        <value type="string">gherkin3901</value>
      </property>
      <property name="LoginPage" itemName="gherkin3901" manageable="true" type="string" fromItem="04e69a99-6d53-4ff0-84bd-9f9b1bb2038a">
        <value type="string">gherkin3901/login</value>
      </property>
    </properties>
    <children/>
  </portal>
  <portal>
    <name>gherkin2045</name>
    <contextItemName>[BBHOST]</contextItemName>
    <createdBy>admin</createdBy>
    <createdTimestamp>2019-12-20T10:52:38Z</createdTimestamp>
    <lastModifiedBy>admin</lastModifiedBy>
    <lastModifiedTimestamp>2019-12-20T10:52:39Z</lastModifiedTimestamp>
    <securityProfile>ADMIN</securityProfile>
    <hidden>false</hidden>
    <tags/>
    <publishState>NOT_PUBLISHED</publishState>
    <uuid>6c4f7c3b-163d-49c7-acb2-a646e2c982cb</uuid>
    <locale>en</locale>
    <dir>ltr</dir>
    <lockState>UNLOCKED</lockState>
    <properties>
      <property name="locales" itemName="gherkin2045" manageable="true" type="string" fromItem="6c4f7c3b-163d-49c7-acb2-a646e2c982cb">
        <value type="string">en-US</value>
      </property>
      <property name="ErrorPage" itemName="gherkin2045" manageable="true" type="string" fromItem="6c4f7c3b-163d-49c7-acb2-a646e2c982cb">
        <value type="string">gherkin2045/error</value>
      </property>
      <property name="Description" itemName="gherkin2045" manageable="true" type="string" fromItem="6c4f7c3b-163d-49c7-acb2-a646e2c982cb">
        <value type="string"></value>
      </property>
      <property name="TypeOfTags" itemName="gherkin2045" manageable="true" type="string" fromItem="6c4f7c3b-163d-49c7-acb2-a646e2c982cb">
        <value type="string">tracking</value>
      </property>
      <property name="DefaultLandingPage" itemName="gherkin2045" manageable="true" type="string" fromItem="6c4f7c3b-163d-49c7-acb2-a646e2c982cb">
        <value type="string">gherkin2045/index</value>
      </property>
      <property name="AccessDeniedPage" itemName="gherkin2045" manageable="true" type="string" fromItem="6c4f7c3b-163d-49c7-acb2-a646e2c982cb">
        <value type="string">gherkin2045/login?error=accessdenied</value>
      </property>
      <property name="title" itemName="gherkin2045" manageable="true" type="string" fromItem="6c4f7c3b-163d-49c7-acb2-a646e2c982cb">
        <value type="string">gherkin2045</value>
      </property>
      <property name="LoginPage" itemName="gherkin2045" manageable="true" type="string" fromItem="6c4f7c3b-163d-49c7-acb2-a646e2c982cb">
        <value type="string">gherkin2045/login</value>
      </property>
    </properties>
    <children/>
  </portal>
  <portal>
    <name>gherkin7227</name>
    <contextItemName>[BBHOST]</contextItemName>
    <createdBy>admin</createdBy>
    <createdTimestamp>2019-12-20T10:51:17Z</createdTimestamp>
    <lastModifiedBy>admin</lastModifiedBy>
    <lastModifiedTimestamp>2019-12-20T10:51:18Z</lastModifiedTimestamp>
    <securityProfile>ADMIN</securityProfile>
    <hidden>false</hidden>
    <tags/>
    <publishState>NOT_PUBLISHED</publishState>
    <uuid>96cfce7f-ee93-4d79-889c-49c54d1809fa</uuid>
    <locale>en</locale>
    <dir>ltr</dir>
    <lockState>UNLOCKED</lockState>
    <properties>
      <property name="locales" itemName="gherkin7227" manageable="true" type="string" fromItem="96cfce7f-ee93-4d79-889c-49c54d1809fa">
        <value type="string">en-US</value>
      </property>
      <property name="ErrorPage" itemName="gherkin7227" manageable="true" type="string" fromItem="96cfce7f-ee93-4d79-889c-49c54d1809fa">
        <value type="string">gherkin7227/error</value>
      </property>
      <property name="Description" itemName="gherkin7227" manageable="true" type="string" fromItem="96cfce7f-ee93-4d79-889c-49c54d1809fa">
        <value type="string"></value>
      </property>
      <property name="TypeOfTags" itemName="gherkin7227" manageable="true" type="string" fromItem="96cfce7f-ee93-4d79-889c-49c54d1809fa">
        <value type="string">tracking</value>
      </property>
      <property name="DefaultLandingPage" itemName="gherkin7227" manageable="true" type="string" fromItem="96cfce7f-ee93-4d79-889c-49c54d1809fa">
        <value type="string">gherkin7227/index</value>
      </property>
      <property name="AccessDeniedPage" itemName="gherkin7227" manageable="true" type="string" fromItem="96cfce7f-ee93-4d79-889c-49c54d1809fa">
        <value type="string">gherkin7227/login?error=accessdenied</value>
      </property>
      <property name="title" itemName="gherkin7227" manageable="true" type="string" fromItem="96cfce7f-ee93-4d79-889c-49c54d1809fa">
        <value type="string">gherkin7227</value>
      </property>
      <property name="LoginPage" itemName="gherkin7227" manageable="true" type="string" fromItem="96cfce7f-ee93-4d79-889c-49c54d1809fa">
        <value type="string">gherkin7227/login</value>
      </property>
    </properties>
    <children/>
  </portal>
  <portal>
    <name>gherkin3873</name>
    <contextItemName>[BBHOST]</contextItemName>
    <createdBy>admin</createdBy>
    <createdTimestamp>2019-12-20T10:46:21Z</createdTimestamp>
    <lastModifiedBy>admin</lastModifiedBy>
    <lastModifiedTimestamp>2019-12-20T10:46:22Z</lastModifiedTimestamp>
    <securityProfile>ADMIN</securityProfile>
    <hidden>false</hidden>
    <tags/>
    <publishState>NOT_PUBLISHED</publishState>
    <uuid>7143ae20-8c9a-4e2e-9cdf-4199c1b52627</uuid>
    <locale>en</locale>
    <dir>ltr</dir>
    <lockState>UNLOCKED</lockState>
    <properties>
      <property name="locales" itemName="gherkin3873" manageable="true" type="string" fromItem="7143ae20-8c9a-4e2e-9cdf-4199c1b52627">
        <value type="string">en-US</value>
      </property>
      <property name="ErrorPage" itemName="gherkin3873" manageable="true" type="string" fromItem="7143ae20-8c9a-4e2e-9cdf-4199c1b52627">
        <value type="string">gherkin3873/error</value>
      </property>
      <property name="Description" itemName="gherkin3873" manageable="true" type="string" fromItem="7143ae20-8c9a-4e2e-9cdf-4199c1b52627">
        <value type="string"></value>
      </property>
      <property name="TypeOfTags" itemName="gherkin3873" manageable="true" type="string" fromItem="7143ae20-8c9a-4e2e-9cdf-4199c1b52627">
        <value type="string">tracking</value>
      </property>
      <property name="DefaultLandingPage" itemName="gherkin3873" manageable="true" type="string" fromItem="7143ae20-8c9a-4e2e-9cdf-4199c1b52627">
        <value type="string">gherkin3873/index</value>
      </property>
      <property name="AccessDeniedPage" itemName="gherkin3873" manageable="true" type="string" fromItem="7143ae20-8c9a-4e2e-9cdf-4199c1b52627">
        <value type="string">gherkin3873/login?error=accessdenied</value>
      </property>
      <property name="title" itemName="gherkin3873" manageable="true" type="string" fromItem="7143ae20-8c9a-4e2e-9cdf-4199c1b52627">
        <value type="string">gherkin3873</value>
      </property>
      <property name="LoginPage" itemName="gherkin3873" manageable="true" type="string" fromItem="7143ae20-8c9a-4e2e-9cdf-4199c1b52627">
        <value type="string">gherkin3873/login</value>
      </property>
    </properties>
    <children/>
  </portal>
  <portal>
    <name>gherkin6000</name>
    <contextItemName>[BBHOST]</contextItemName>
    <createdBy>admin</createdBy>
    <createdTimestamp>2019-12-20T10:44:59Z</createdTimestamp>
    <lastModifiedBy>admin</lastModifiedBy>
    <lastModifiedTimestamp>2019-12-20T10:45:00Z</lastModifiedTimestamp>
    <securityProfile>ADMIN</securityProfile>
    <hidden>false</hidden>
    <tags/>
    <publishState>NOT_PUBLISHED</publishState>
    <uuid>5a681e76-eaca-4d5e-9aaf-980cdf7a5008</uuid>
    <locale>en</locale>
    <dir>ltr</dir>
    <lockState>UNLOCKED</lockState>
    <properties>
      <property name="locales" itemName="gherkin6000" manageable="true" type="string" fromItem="5a681e76-eaca-4d5e-9aaf-980cdf7a5008">
        <value type="string">en-US</value>
      </property>
      <property name="ErrorPage" itemName="gherkin6000" manageable="true" type="string" fromItem="5a681e76-eaca-4d5e-9aaf-980cdf7a5008">
        <value type="string">gherkin6000/error</value>
      </property>
      <property name="Description" itemName="gherkin6000" manageable="true" type="string" fromItem="5a681e76-eaca-4d5e-9aaf-980cdf7a5008">
        <value type="string"></value>
      </property>
      <property name="TypeOfTags" itemName="gherkin6000" manageable="true" type="string" fromItem="5a681e76-eaca-4d5e-9aaf-980cdf7a5008">
        <value type="string">tracking</value>
      </property>
      <property name="DefaultLandingPage" itemName="gherkin6000" manageable="true" type="string" fromItem="5a681e76-eaca-4d5e-9aaf-980cdf7a5008">
        <value type="string">gherkin6000/index</value>
      </property>
      <property name="AccessDeniedPage" itemName="gherkin6000" manageable="true" type="string" fromItem="5a681e76-eaca-4d5e-9aaf-980cdf7a5008">
        <value type="string">gherkin6000/login?error=accessdenied</value>
      </property>
      <property name="title" itemName="gherkin6000" manageable="true" type="string" fromItem="5a681e76-eaca-4d5e-9aaf-980cdf7a5008">
        <value type="string">gherkin6000</value>
      </property>
      <property name="LoginPage" itemName="gherkin6000" manageable="true" type="string" fromItem="5a681e76-eaca-4d5e-9aaf-980cdf7a5008">
        <value type="string">gherkin6000/login</value>
      </property>
    </properties>
    <children/>
  </portal>
  <portal>
    <name>gherkin7997</name>
    <contextItemName>[BBHOST]</contextItemName>
    <createdBy>admin</createdBy>
    <createdTimestamp>2019-12-20T10:41:01Z</createdTimestamp>
    <lastModifiedBy>admin</lastModifiedBy>
    <lastModifiedTimestamp>2019-12-20T10:41:01Z</lastModifiedTimestamp>
    <securityProfile>ADMIN</securityProfile>
    <hidden>false</hidden>
    <tags/>
    <publishState>NOT_PUBLISHED</publishState>
    <uuid>329b02c2-6ff2-4180-8571-50dc384664f5</uuid>
    <locale>en</locale>
    <dir>ltr</dir>
    <lockState>UNLOCKED</lockState>
    <properties>
      <property name="locales" itemName="gherkin7997" manageable="true" type="string" fromItem="329b02c2-6ff2-4180-8571-50dc384664f5">
        <value type="string">en-US</value>
      </property>
      <property name="ErrorPage" itemName="gherkin7997" manageable="true" type="string" fromItem="329b02c2-6ff2-4180-8571-50dc384664f5">
        <value type="string">gherkin7997/error</value>
      </property>
      <property name="Description" itemName="gherkin7997" manageable="true" type="string" fromItem="329b02c2-6ff2-4180-8571-50dc384664f5">
        <value type="string"></value>
      </property>
      <property name="TypeOfTags" itemName="gherkin7997" manageable="true" type="string" fromItem="329b02c2-6ff2-4180-8571-50dc384664f5">
        <value type="string">tracking</value>
      </property>
      <property name="DefaultLandingPage" itemName="gherkin7997" manageable="true" type="string" fromItem="329b02c2-6ff2-4180-8571-50dc384664f5">
        <value type="string">gherkin7997/index</value>
      </property>
      <property name="AccessDeniedPage" itemName="gherkin7997" manageable="true" type="string" fromItem="329b02c2-6ff2-4180-8571-50dc384664f5">
        <value type="string">gherkin7997/login?error=accessdenied</value>
      </property>
      <property name="title" itemName="gherkin7997" manageable="true" type="string" fromItem="329b02c2-6ff2-4180-8571-50dc384664f5">
        <value type="string">gherkin7997</value>
      </property>
      <property name="LoginPage" itemName="gherkin7997" manageable="true" type="string" fromItem="329b02c2-6ff2-4180-8571-50dc384664f5">
        <value type="string">gherkin7997/login</value>
      </property>
    </properties>
    <children/>
  </portal>
  <portal>
    <name>gherkin1055</name>
    <contextItemName>[BBHOST]</contextItemName>
    <createdBy>admin</createdBy>
    <createdTimestamp>2019-12-20T10:39:24Z</createdTimestamp>
    <lastModifiedBy>admin</lastModifiedBy>
    <lastModifiedTimestamp>2019-12-20T10:39:25Z</lastModifiedTimestamp>
    <securityProfile>ADMIN</securityProfile>
    <hidden>false</hidden>
    <tags/>
    <publishState>NOT_PUBLISHED</publishState>
    <uuid>2d5ec3cc-f423-42d4-9c1e-beb9b5dc0c5f</uuid>
    <locale>en</locale>
    <dir>ltr</dir>
    <lockState>UNLOCKED</lockState>
    <properties>
      <property name="locales" itemName="gherkin1055" manageable="true" type="string" fromItem="2d5ec3cc-f423-42d4-9c1e-beb9b5dc0c5f">
        <value type="string">en-US</value>
      </property>
      <property name="ErrorPage" itemName="gherkin1055" manageable="true" type="string" fromItem="2d5ec3cc-f423-42d4-9c1e-beb9b5dc0c5f">
        <value type="string">gherkin1055/error</value>
      </property>
      <property name="Description" itemName="gherkin1055" manageable="true" type="string" fromItem="2d5ec3cc-f423-42d4-9c1e-beb9b5dc0c5f">
        <value type="string"></value>
      </property>
      <property name="TypeOfTags" itemName="gherkin1055" manageable="true" type="string" fromItem="2d5ec3cc-f423-42d4-9c1e-beb9b5dc0c5f">
        <value type="string">tracking</value>
      </property>
      <property name="DefaultLandingPage" itemName="gherkin1055" manageable="true" type="string" fromItem="2d5ec3cc-f423-42d4-9c1e-beb9b5dc0c5f">
        <value type="string">gherkin1055/index</value>
      </property>
      <property name="AccessDeniedPage" itemName="gherkin1055" manageable="true" type="string" fromItem="2d5ec3cc-f423-42d4-9c1e-beb9b5dc0c5f">
        <value type="string">gherkin1055/login?error=accessdenied</value>
      </property>
      <property name="title" itemName="gherkin1055" manageable="true" type="string" fromItem="2d5ec3cc-f423-42d4-9c1e-beb9b5dc0c5f">
        <value type="string">gherkin1055</value>
      </property>
      <property name="LoginPage" itemName="gherkin1055" manageable="true" type="string" fromItem="2d5ec3cc-f423-42d4-9c1e-beb9b5dc0c5f">
        <value type="string">gherkin1055/login</value>
      </property>
    </properties>
    <children/>
  </portal>
  <portal>
    <name>gherkin7332</name>
    <contextItemName>[BBHOST]</contextItemName>
    <createdBy>admin</createdBy>
    <createdTimestamp>2019-12-20T10:37:49Z</createdTimestamp>
    <lastModifiedBy>admin</lastModifiedBy>
    <lastModifiedTimestamp>2019-12-20T10:37:50Z</lastModifiedTimestamp>
    <securityProfile>ADMIN</securityProfile>
    <hidden>false</hidden>
    <tags/>
    <publishState>NOT_PUBLISHED</publishState>
    <uuid>ead4c9fb-1964-4a1b-a989-e8b34e43f6de</uuid>
    <locale>en</locale>
    <dir>ltr</dir>
    <lockState>UNLOCKED</lockState>
    <properties>
      <property name="locales" itemName="gherkin7332" manageable="true" type="string" fromItem="ead4c9fb-1964-4a1b-a989-e8b34e43f6de">
        <value type="string">en-US</value>
      </property>
      <property name="ErrorPage" itemName="gherkin7332" manageable="true" type="string" fromItem="ead4c9fb-1964-4a1b-a989-e8b34e43f6de">
        <value type="string">gherkin7332/error</value>
      </property>
      <property name="Description" itemName="gherkin7332" manageable="true" type="string" fromItem="ead4c9fb-1964-4a1b-a989-e8b34e43f6de">
        <value type="string"></value>
      </property>
      <property name="TypeOfTags" itemName="gherkin7332" manageable="true" type="string" fromItem="ead4c9fb-1964-4a1b-a989-e8b34e43f6de">
        <value type="string">tracking</value>
      </property>
      <property name="DefaultLandingPage" itemName="gherkin7332" manageable="true" type="string" fromItem="ead4c9fb-1964-4a1b-a989-e8b34e43f6de">
        <value type="string">gherkin7332/index</value>
      </property>
      <property name="AccessDeniedPage" itemName="gherkin7332" manageable="true" type="string" fromItem="ead4c9fb-1964-4a1b-a989-e8b34e43f6de">
        <value type="string">gherkin7332/login?error=accessdenied</value>
      </property>
      <property name="title" itemName="gherkin7332" manageable="true" type="string" fromItem="ead4c9fb-1964-4a1b-a989-e8b34e43f6de">
        <value type="string">gherkin7332</value>
      </property>
      <property name="LoginPage" itemName="gherkin7332" manageable="true" type="string" fromItem="ead4c9fb-1964-4a1b-a989-e8b34e43f6de">
        <value type="string">gherkin7332/login</value>
      </property>
    </properties>
    <children/>
  </portal>
  <portal>
    <name>gherkin7161</name>
    <contextItemName>[BBHOST]</contextItemName>
    <createdBy>admin</createdBy>
    <createdTimestamp>2019-12-20T10:27:27Z</createdTimestamp>
    <lastModifiedBy>admin</lastModifiedBy>
    <lastModifiedTimestamp>2019-12-20T10:27:28Z</lastModifiedTimestamp>
    <securityProfile>ADMIN</securityProfile>
    <hidden>false</hidden>
    <tags/>
    <publishState>NOT_PUBLISHED</publishState>
    <uuid>e486fdb3-2d74-4b97-813d-06ddfa8b159b</uuid>
    <locale>en</locale>
    <dir>ltr</dir>
    <lockState>UNLOCKED</lockState>
    <properties>
      <property name="ErrorPage" itemName="gherkin7161" manageable="true" type="string" fromItem="e486fdb3-2d74-4b97-813d-06ddfa8b159b">
        <value type="string">gherkin7161/error</value>
      </property>
      <property name="Description" itemName="gherkin7161" manageable="true" type="string" fromItem="e486fdb3-2d74-4b97-813d-06ddfa8b159b">
        <value type="string"></value>
      </property>
      <property name="TypeOfTags" itemName="gherkin7161" manageable="true" type="string" fromItem="e486fdb3-2d74-4b97-813d-06ddfa8b159b">
        <value type="string">tracking</value>
      </property>
      <property name="DefaultLandingPage" itemName="gherkin7161" manageable="true" type="string" fromItem="e486fdb3-2d74-4b97-813d-06ddfa8b159b">
        <value type="string">gherkin7161/index</value>
      </property>
      <property name="AccessDeniedPage" itemName="gherkin7161" manageable="true" type="string" fromItem="e486fdb3-2d74-4b97-813d-06ddfa8b159b">
        <value type="string">gherkin7161/login?error=accessdenied</value>
      </property>
      <property name="title" itemName="gherkin7161" manageable="true" type="string" fromItem="e486fdb3-2d74-4b97-813d-06ddfa8b159b">
        <value type="string">gherkin7161</value>
      </property>
      <property name="LoginPage" itemName="gherkin7161" manageable="true" type="string" fromItem="e486fdb3-2d74-4b97-813d-06ddfa8b159b">
        <value type="string">gherkin7161/login</value>
      </property>
    </properties>
    <children/>
  </portal>
  <portal>
    <name>test1</name>
    <contextItemName>[BBHOST]</contextItemName>
    <createdBy>admin</createdBy>
    <createdTimestamp>2019-12-20T07:59:01Z</createdTimestamp>
    <lastModifiedBy>admin</lastModifiedBy>
    <lastModifiedTimestamp>2019-12-20T07:59:05Z</lastModifiedTimestamp>
    <securityProfile>ADMIN</securityProfile>
    <hidden>false</hidden>
    <tags/>
    <publishState>NOT_PUBLISHED</publishState>
    <uuid>05f20223-03c7-4a2e-9730-6c7d6d4226d4</uuid>
    <locale>en</locale>
    <dir>ltr</dir>
    <lockState>UNLOCKED</lockState>
    <properties>
      <property name="ErrorPage" itemName="test1" manageable="true" type="string" fromItem="05f20223-03c7-4a2e-9730-6c7d6d4226d4">
        <value type="string">test1/error</value>
      </property>
      <property name="Description" itemName="test1" manageable="true" type="string" fromItem="05f20223-03c7-4a2e-9730-6c7d6d4226d4">
        <value type="string"></value>
      </property>
      <property name="DefaultDevice" itemName="test1" manageable="true" type="string" fromItem="05f20223-03c7-4a2e-9730-6c7d6d4226d4">
        <value type="string"></value>
      </property>
      <property name="publishChains" itemName="test1" manageable="true" type="string" fromItem="05f20223-03c7-4a2e-9730-6c7d6d4226d4">
        <value type="string">Approval on Package</value>
      </property>
      <property name="title" itemName="test1" manageable="true" type="string" fromItem="05f20223-03c7-4a2e-9730-6c7d6d4226d4">
        <value type="string">test1</value>
      </property>
      <property name="LogoutPage" itemName="test1" manageable="true" type="string" fromItem="05f20223-03c7-4a2e-9730-6c7d6d4226d4">
        <value type="string">wealth-management-demo-wc3/login?error=logout</value>
      </property>
      <property name="LoginPage" itemName="test1" manageable="true" type="string" fromItem="05f20223-03c7-4a2e-9730-6c7d6d4226d4">
        <value type="string">test1/login</value>
      </property>
      <property name="locales" itemName="test1" manageable="true" type="string" fromItem="05f20223-03c7-4a2e-9730-6c7d6d4226d4">
        <value type="string">en-US,fr-FR,en-150</value>
      </property>
      <property name="TypeOfTags" itemName="test1" manageable="true" type="string" fromItem="05f20223-03c7-4a2e-9730-6c7d6d4226d4">
        <value type="string">tracking</value>
      </property>
      <property name="DefaultLandingPage" itemName="test1" manageable="true" type="string" fromItem="05f20223-03c7-4a2e-9730-6c7d6d4226d4">
        <value type="string">test1/index</value>
      </property>
      <property name="AuthenticationFailurePage" itemName="test1" manageable="true" type="string" fromItem="05f20223-03c7-4a2e-9730-6c7d6d4226d4">
        <value type="string">wealth-management-demo-wc3/login?error=failure</value>
      </property>
      <property name="AccessDeniedPage" itemName="test1" manageable="true" type="string" fromItem="05f20223-03c7-4a2e-9730-6c7d6d4226d4">
        <value type="string">test1/login?error=accessdenied</value>
      </property>
      <property name="TargetedDevice" itemName="test1" manageable="true" type="string" fromItem="05f20223-03c7-4a2e-9730-6c7d6d4226d4">
        <value type="string"></value>
      </property>
      <property name="thumbnailUrl" itemName="test1" manageable="true" type="string" fromItem="05f20223-03c7-4a2e-9730-6c7d6d4226d4">
        <value type="string"></value>
      </property>
    </properties>
    <children/>
  </portal>
  <portal>
    <name>wealth-management-demo-wc3</name>
    <contextItemName>[BBHOST]</contextItemName>
    <createdBy>admin</createdBy>
    <createdTimestamp>2019-12-20T07:55:33Z</createdTimestamp>
    <lastModifiedBy>admin</lastModifiedBy>
    <lastModifiedTimestamp>2019-12-20T07:55:36Z</lastModifiedTimestamp>
    <securityProfile>ADMIN</securityProfile>
    <hidden>false</hidden>
    <tags/>
    <publishState>NOT_PUBLISHED</publishState>
    <uuid>27c1bc0a-f32e-48c1-bdd5-06d23a277249</uuid>
    <locale>en</locale>
    <dir>ltr</dir>
    <lockState>UNLOCKED</lockState>
    <properties>
      <property name="ErrorPage" itemName="wealth-management-demo-wc3" manageable="true" type="string" fromItem="27c1bc0a-f32e-48c1-bdd5-06d23a277249">
        <value type="string">wealth-management-demo-wc3/error</value>
      </property>
      <property name="Description" itemName="wealth-management-demo-wc3" manageable="true" type="string" fromItem="27c1bc0a-f32e-48c1-bdd5-06d23a277249">
        <value type="string"></value>
      </property>
      <property name="DefaultDevice" itemName="wealth-management-demo-wc3" manageable="true" type="string" fromItem="27c1bc0a-f32e-48c1-bdd5-06d23a277249">
        <value type="string"></value>
      </property>
      <property name="publishChains" itemName="wealth-management-demo-wc3" manageable="true" type="string" fromItem="27c1bc0a-f32e-48c1-bdd5-06d23a277249">
        <value type="string">Approval on Package</value>
      </property>
      <property name="title" itemName="wealth-management-demo-wc3" manageable="true" type="string" fromItem="27c1bc0a-f32e-48c1-bdd5-06d23a277249">
        <value type="string">Wealth Management Demo WC3</value>
      </property>
      <property name="LogoutPage" itemName="wealth-management-demo-wc3" manageable="true" type="string" fromItem="27c1bc0a-f32e-48c1-bdd5-06d23a277249">
        <value type="string">wealth-management-demo-wc3/login?error=logout</value>
      </property>
      <property name="LoginPage" itemName="wealth-management-demo-wc3" manageable="true" type="string" fromItem="27c1bc0a-f32e-48c1-bdd5-06d23a277249">
        <value type="string">wealth-management-demo-wc3/login</value>
      </property>
      <property name="locales" itemName="wealth-management-demo-wc3" manageable="true" type="string" fromItem="27c1bc0a-f32e-48c1-bdd5-06d23a277249">
        <value type="string">en-US,fr-FR,en-150</value>
      </property>
      <property name="TypeOfTags" itemName="wealth-management-demo-wc3" manageable="true" type="string" fromItem="27c1bc0a-f32e-48c1-bdd5-06d23a277249">
        <value type="string">tracking</value>
      </property>
      <property name="DefaultLandingPage" itemName="wealth-management-demo-wc3" manageable="true" type="string" fromItem="27c1bc0a-f32e-48c1-bdd5-06d23a277249">
        <value type="string">wealth-management-demo-wc3/index</value>
      </property>
      <property name="AuthenticationFailurePage" itemName="wealth-management-demo-wc3" manageable="true" type="string" fromItem="27c1bc0a-f32e-48c1-bdd5-06d23a277249">
        <value type="string">wealth-management-demo-wc3/login?error=failure</value>
      </property>
      <property name="AccessDeniedPage" itemName="wealth-management-demo-wc3" manageable="true" type="string" fromItem="27c1bc0a-f32e-48c1-bdd5-06d23a277249">
        <value type="string">wealth-management-demo-wc3/login?error=accessdenied</value>
      </property>
      <property name="TargetedDevice" itemName="wealth-management-demo-wc3" manageable="true" type="string" fromItem="27c1bc0a-f32e-48c1-bdd5-06d23a277249">
        <value type="string"></value>
      </property>
      <property name="thumbnailUrl" itemName="wealth-management-demo-wc3" manageable="true" type="string" fromItem="27c1bc0a-f32e-48c1-bdd5-06d23a277249">
        <value type="string"></value>
      </property>
    </properties>
    <children/>
  </portal>
  <portal>
    <name>employee-widgets-demo-wc3</name>
    <contextItemName>[BBHOST]</contextItemName>
    <createdBy>admin</createdBy>
    <createdTimestamp>2019-12-20T07:55:21Z</createdTimestamp>
    <lastModifiedBy>admin</lastModifiedBy>
    <lastModifiedTimestamp>2019-12-20T07:55:32Z</lastModifiedTimestamp>
    <securityProfile>ADMIN</securityProfile>
    <hidden>false</hidden>
    <tags/>
    <publishState>NOT_PUBLISHED</publishState>
    <uuid>d7f9e9a5-286a-4aa3-88bd-0841d90b7cdd</uuid>
    <locale>en</locale>
    <dir>ltr</dir>
    <lockState>UNLOCKED</lockState>
    <properties>
      <property name="locales" itemName="employee-widgets-demo-wc3" manageable="true" type="string" fromItem="d7f9e9a5-286a-4aa3-88bd-0841d90b7cdd">
        <value type="string">en-US</value>
      </property>
      <property name="ErrorPage" itemName="employee-widgets-demo-wc3" manageable="true" type="string" fromItem="d7f9e9a5-286a-4aa3-88bd-0841d90b7cdd">
        <value type="string">employee-widgets-demo-wc3/error</value>
      </property>
      <property name="Description" itemName="employee-widgets-demo-wc3" manageable="true" type="string" fromItem="d7f9e9a5-286a-4aa3-88bd-0841d90b7cdd">
        <value type="string"></value>
      </property>
      <property name="TypeOfTags" itemName="employee-widgets-demo-wc3" manageable="true" type="string" fromItem="d7f9e9a5-286a-4aa3-88bd-0841d90b7cdd">
        <value type="string">tracking</value>
      </property>
      <property name="DefaultLandingPage" itemName="employee-widgets-demo-wc3" manageable="true" type="string" fromItem="d7f9e9a5-286a-4aa3-88bd-0841d90b7cdd">
        <value type="string">employee-widgets-demo-wc3/select-context</value>
      </property>
      <property name="DefaultDevice" itemName="employee-widgets-demo-wc3" manageable="true" type="string" fromItem="d7f9e9a5-286a-4aa3-88bd-0841d90b7cdd">
        <value type="string"></value>
      </property>
      <property name="publishChains" itemName="employee-widgets-demo-wc3" manageable="true" type="string" fromItem="d7f9e9a5-286a-4aa3-88bd-0841d90b7cdd">
        <value type="string"></value>
      </property>
      <property name="AccessDeniedPage" itemName="employee-widgets-demo-wc3" manageable="true" type="string" fromItem="d7f9e9a5-286a-4aa3-88bd-0841d90b7cdd">
        <value type="string">employee-widgets-demo-wc3/login?error=accessdenied</value>
      </property>
      <property name="TargetedDevice" itemName="employee-widgets-demo-wc3" manageable="true" type="string" fromItem="d7f9e9a5-286a-4aa3-88bd-0841d90b7cdd">
        <value type="string"></value>
      </property>
      <property name="title" itemName="employee-widgets-demo-wc3" manageable="true" type="string" fromItem="d7f9e9a5-286a-4aa3-88bd-0841d90b7cdd">
        <value type="string">Employee Widgets Demo WC3</value>
      </property>
      <property name="LoginPage" itemName="employee-widgets-demo-wc3" manageable="true" type="string" fromItem="d7f9e9a5-286a-4aa3-88bd-0841d90b7cdd">
        <value type="string">employee-widgets-demo-wc3/login</value>
      </property>
      <property name="thumbnailUrl" itemName="employee-widgets-demo-wc3" manageable="true" type="string" fromItem="d7f9e9a5-286a-4aa3-88bd-0841d90b7cdd">
        <value type="string"></value>
      </property>
    </properties>
    <children/>
  </portal>
  <portal>
    <name>entitlements-demo-wc3</name>
    <contextItemName>[BBHOST]</contextItemName>
    <createdBy>admin</createdBy>
    <createdTimestamp>2019-12-20T07:55:18Z</createdTimestamp>
    <lastModifiedBy>admin</lastModifiedBy>
    <lastModifiedTimestamp>2019-12-20T07:55:21Z</lastModifiedTimestamp>
    <securityProfile>ADMIN</securityProfile>
    <hidden>false</hidden>
    <tags/>
    <publishState>NOT_PUBLISHED</publishState>
    <uuid>b1c6c3e9-1944-4690-b19d-cf4bfc1b5150</uuid>
    <locale>en</locale>
    <dir>ltr</dir>
    <lockState>UNLOCKED</lockState>
    <properties>
      <property name="locales" itemName="entitlements-demo-wc3" manageable="true" type="string" fromItem="b1c6c3e9-1944-4690-b19d-cf4bfc1b5150">
        <value type="string">en-US</value>
      </property>
      <property name="ErrorPage" itemName="entitlements-demo-wc3" manageable="true" type="string" fromItem="b1c6c3e9-1944-4690-b19d-cf4bfc1b5150">
        <value type="string">entitlements-demo-wc3/error</value>
      </property>
      <property name="Description" itemName="entitlements-demo-wc3" manageable="true" type="string" fromItem="b1c6c3e9-1944-4690-b19d-cf4bfc1b5150">
        <value type="string"></value>
      </property>
      <property name="TypeOfTags" itemName="entitlements-demo-wc3" manageable="true" type="string" fromItem="b1c6c3e9-1944-4690-b19d-cf4bfc1b5150">
        <value type="string">tracking</value>
      </property>
      <property name="DefaultLandingPage" itemName="entitlements-demo-wc3" manageable="true" type="string" fromItem="b1c6c3e9-1944-4690-b19d-cf4bfc1b5150">
        <value type="string">entitlements-demo-wc3/index</value>
      </property>
      <property name="AccessDeniedPage" itemName="entitlements-demo-wc3" manageable="true" type="string" fromItem="b1c6c3e9-1944-4690-b19d-cf4bfc1b5150">
        <value type="string">entitlements-demo-wc3/login?error=accessdenied</value>
      </property>
      <property name="title" itemName="entitlements-demo-wc3" manageable="true" type="string" fromItem="b1c6c3e9-1944-4690-b19d-cf4bfc1b5150">
        <value type="string">Entitlements Demo WC3</value>
      </property>
      <property name="LoginPage" itemName="entitlements-demo-wc3" manageable="true" type="string" fromItem="b1c6c3e9-1944-4690-b19d-cf4bfc1b5150">
        <value type="string">entitlements-demo-wc3/login</value>
      </property>
    </properties>
    <children/>
  </portal>
  <portal>
    <name>corporate-banking-demo-wc3</name>
    <contextItemName>[BBHOST]</contextItemName>
    <createdBy>admin</createdBy>
    <createdTimestamp>2019-12-20T07:55:00Z</createdTimestamp>
    <lastModifiedBy>admin</lastModifiedBy>
    <lastModifiedTimestamp>2019-12-20T07:55:17Z</lastModifiedTimestamp>
    <securityProfile>ADMIN</securityProfile>
    <hidden>false</hidden>
    <tags/>
    <publishState>NOT_PUBLISHED</publishState>
    <uuid>4664eb97-785d-4402-bb60-1c4d84b6aead</uuid>
    <locale>en</locale>
    <dir>ltr</dir>
    <lockState>UNLOCKED</lockState>
    <properties>
      <property name="locales" itemName="corporate-banking-demo-wc3" manageable="true" type="string" fromItem="4664eb97-785d-4402-bb60-1c4d84b6aead">
        <value type="string">en-US,fr-FR</value>
      </property>
      <property name="ErrorPage" itemName="corporate-banking-demo-wc3" manageable="true" type="string" fromItem="4664eb97-785d-4402-bb60-1c4d84b6aead">
        <value type="string">corporate-banking-demo-wc3/error</value>
      </property>
      <property name="Description" itemName="corporate-banking-demo-wc3" manageable="true" type="string" fromItem="4664eb97-785d-4402-bb60-1c4d84b6aead">
        <value type="string"></value>
      </property>
      <property name="TypeOfTags" itemName="corporate-banking-demo-wc3" manageable="true" type="string" fromItem="4664eb97-785d-4402-bb60-1c4d84b6aead">
        <value type="string">tracking</value>
      </property>
      <property name="DefaultLandingPage" itemName="corporate-banking-demo-wc3" manageable="true" type="string" fromItem="4664eb97-785d-4402-bb60-1c4d84b6aead">
        <value type="string">corporate-banking-demo-wc3/index</value>
      </property>
      <property name="DefaultDevice" itemName="corporate-banking-demo-wc3" manageable="true" type="string" fromItem="4664eb97-785d-4402-bb60-1c4d84b6aead">
        <value type="string"></value>
      </property>
      <property name="publishChains" itemName="corporate-banking-demo-wc3" manageable="true" type="string" fromItem="4664eb97-785d-4402-bb60-1c4d84b6aead">
        <value type="string">Approval on Package</value>
      </property>
      <property name="AccessDeniedPage" itemName="corporate-banking-demo-wc3" manageable="true" type="string" fromItem="4664eb97-785d-4402-bb60-1c4d84b6aead">
        <value type="string">corporate-banking-demo-wc3/login?error=accessdenied</value>
      </property>
      <property name="TargetedDevice" itemName="corporate-banking-demo-wc3" manageable="true" type="string" fromItem="4664eb97-785d-4402-bb60-1c4d84b6aead">
        <value type="string"></value>
      </property>
      <property name="title" itemName="corporate-banking-demo-wc3" manageable="true" type="string" fromItem="4664eb97-785d-4402-bb60-1c4d84b6aead">
        <value type="string">Corporate Banking Demo WC3</value>
      </property>
      <property name="LoginPage" itemName="corporate-banking-demo-wc3" manageable="true" type="string" fromItem="4664eb97-785d-4402-bb60-1c4d84b6aead">
        <value type="string">corporate-banking-demo-wc3/login</value>
      </property>
      <property name="thumbnailUrl" itemName="corporate-banking-demo-wc3" manageable="true" type="string" fromItem="4664eb97-785d-4402-bb60-1c4d84b6aead">
        <value type="string"></value>
      </property>
    </properties>
    <children/>
  </portal>
  <portal>
    <name>retail-banking-demo-wc3</name>
    <contextItemName>[BBHOST]</contextItemName>
    <createdBy>admin</createdBy>
    <createdTimestamp>2019-12-20T07:54:58Z</createdTimestamp>
    <lastModifiedBy>admin</lastModifiedBy>
    <lastModifiedTimestamp>2019-12-20T07:54:59Z</lastModifiedTimestamp>
    <securityProfile>ADMIN</securityProfile>
    <hidden>false</hidden>
    <tags/>
    <publishState>NOT_PUBLISHED</publishState>
    <uuid>d0c957e9-36fc-4e03-b18d-79c85894c761</uuid>
    <locale>en</locale>
    <dir>ltr</dir>
    <lockState>UNLOCKED</lockState>
    <properties>
      <property name="ErrorPage" itemName="retail-banking-demo-wc3" manageable="true" type="string" fromItem="d0c957e9-36fc-4e03-b18d-79c85894c761">
        <value type="string">retail-banking-demo-wc3/error</value>
      </property>
      <property name="Description" itemName="retail-banking-demo-wc3" manageable="true" type="string" fromItem="d0c957e9-36fc-4e03-b18d-79c85894c761">
        <value type="string"></value>
      </property>
      <property name="DefaultDevice" itemName="retail-banking-demo-wc3" manageable="true" type="string" fromItem="d0c957e9-36fc-4e03-b18d-79c85894c761">
        <value type="string"></value>
      </property>
      <property name="publishChains" itemName="retail-banking-demo-wc3" manageable="true" type="string" fromItem="d0c957e9-36fc-4e03-b18d-79c85894c761">
        <value type="string"></value>
      </property>
      <property name="title" itemName="retail-banking-demo-wc3" manageable="true" type="string" fromItem="d0c957e9-36fc-4e03-b18d-79c85894c761">
        <value type="string">Retail Banking Demo WC3</value>
      </property>
      <property name="LogoutPage" itemName="retail-banking-demo-wc3" manageable="true" type="string" fromItem="d0c957e9-36fc-4e03-b18d-79c85894c761">
        <value type="string">retail-banking-demo-wc3/login?error=logout</value>
      </property>
      <property name="LoginPage" itemName="retail-banking-demo-wc3" manageable="true" type="string" fromItem="d0c957e9-36fc-4e03-b18d-79c85894c761">
        <value type="string">retail-banking-demo-wc3/login</value>
      </property>
      <property name="locales" itemName="retail-banking-demo-wc3" manageable="true" type="string" fromItem="d0c957e9-36fc-4e03-b18d-79c85894c761">
        <value type="string">en-US,fr-FR</value>
      </property>
      <property name="TypeOfTags" itemName="retail-banking-demo-wc3" manageable="true" type="string" fromItem="d0c957e9-36fc-4e03-b18d-79c85894c761">
        <value type="string">tracking</value>
      </property>
      <property name="DefaultLandingPage" itemName="retail-banking-demo-wc3" manageable="true" type="string" fromItem="d0c957e9-36fc-4e03-b18d-79c85894c761">
        <value type="string">retail-banking-demo-wc3/index</value>
      </property>
      <property name="AuthenticationFailurePage" itemName="retail-banking-demo-wc3" manageable="true" type="string" fromItem="d0c957e9-36fc-4e03-b18d-79c85894c761">
        <value type="string">retail-banking-demo-wc3/login?error=failure</value>
      </property>
      <property name="AccessDeniedPage" itemName="retail-banking-demo-wc3" manageable="true" type="string" fromItem="d0c957e9-36fc-4e03-b18d-79c85894c761">
        <value type="string">retail-banking-demo-wc3/login?error=accessdenied</value>
      </property>
      <property name="TargetedDevice" itemName="retail-banking-demo-wc3" manageable="true" type="string" fromItem="d0c957e9-36fc-4e03-b18d-79c85894c761">
        <value type="string"></value>
      </property>
      <property name="thumbnailUrl" itemName="retail-banking-demo-wc3" manageable="true" type="string" fromItem="d0c957e9-36fc-4e03-b18d-79c85894c761">
        <value type="string"></value>
      </property>
    </properties>
    <children/>
  </portal>
  <portal>
    <name>experience-management-demo</name>
    <contextItemName>[BBHOST]</contextItemName>
    <createdBy>admin</createdBy>
    <createdTimestamp>2019-12-20T00:36:18Z</createdTimestamp>
    <lastModifiedBy>admin</lastModifiedBy>
    <lastModifiedTimestamp>2019-12-20T00:36:20Z</lastModifiedTimestamp>
    <securityProfile>ADMIN</securityProfile>
    <hidden>false</hidden>
    <tags/>
    <publishState>NOT_PUBLISHED</publishState>
    <uuid>81f73c8d-5190-4009-8128-48d6c5c9d5d3</uuid>
    <locale>en</locale>
    <dir>ltr</dir>
    <lockState>UNLOCKED</lockState>
    <properties>
      <property name="ErrorPage" itemName="experience-management-demo" manageable="true" type="string" fromItem="81f73c8d-5190-4009-8128-48d6c5c9d5d3">
        <value type="string">experience-management-demo/error</value>
      </property>
      <property name="Description" itemName="experience-management-demo" manageable="true" type="string" fromItem="81f73c8d-5190-4009-8128-48d6c5c9d5d3">
        <value type="string"></value>
      </property>
      <property name="DefaultDevice" itemName="experience-management-demo" manageable="true" type="string" fromItem="81f73c8d-5190-4009-8128-48d6c5c9d5d3">
        <value type="string"></value>
      </property>
      <property name="publishChains" itemName="experience-management-demo" manageable="true" type="string" fromItem="81f73c8d-5190-4009-8128-48d6c5c9d5d3">
        <value type="string">Approval on Package</value>
      </property>
      <property name="title" itemName="experience-management-demo" manageable="true" type="string" fromItem="81f73c8d-5190-4009-8128-48d6c5c9d5d3">
        <value type="string">Experience Management Demo</value>
      </property>
      <property name="LogoutPage" itemName="experience-management-demo" manageable="true" type="string" fromItem="81f73c8d-5190-4009-8128-48d6c5c9d5d3">
        <value type="string">experience-management-demo/login?error=logout</value>
      </property>
      <property name="LoginPage" itemName="experience-management-demo" manageable="true" type="string" fromItem="81f73c8d-5190-4009-8128-48d6c5c9d5d3">
        <value type="string">experience-management-demo/login</value>
      </property>
      <property name="locales" itemName="experience-management-demo" manageable="true" type="string" fromItem="81f73c8d-5190-4009-8128-48d6c5c9d5d3">
        <value type="string">en-US,es-MX,ar-SA</value>
      </property>
      <property name="TypeOfTags" itemName="experience-management-demo" manageable="true" type="string" fromItem="81f73c8d-5190-4009-8128-48d6c5c9d5d3">
        <value type="string">tracking</value>
      </property>
      <property name="DefaultLandingPage" itemName="experience-management-demo" manageable="true" type="string" fromItem="81f73c8d-5190-4009-8128-48d6c5c9d5d3">
        <value type="string">experience-management-demo/index</value>
      </property>
      <property name="AuthenticationFailurePage" itemName="experience-management-demo" manageable="true" type="string" fromItem="81f73c8d-5190-4009-8128-48d6c5c9d5d3">
        <value type="string">experience-management-demo/login?error=failure</value>
      </property>
      <property name="AccessDeniedPage" itemName="experience-management-demo" manageable="true" type="string" fromItem="81f73c8d-5190-4009-8128-48d6c5c9d5d3">
        <value type="string">experience-management-demo/login?error=accessdenied</value>
      </property>
      <property name="TargetedDevice" itemName="experience-management-demo" manageable="true" type="string" fromItem="81f73c8d-5190-4009-8128-48d6c5c9d5d3">
        <value type="string"></value>
      </property>
      <property name="thumbnailUrl" itemName="experience-management-demo" manageable="true" type="string" fromItem="81f73c8d-5190-4009-8128-48d6c5c9d5d3">
        <value type="string">/gateway/api/contentservices/api/contentstream-id/81f73c8d-5190-4009-8128-48d6c5c9d5d3/9701382c-2a98-4f13-8229-f3ee7a83df55</value>
      </property>
    </properties>
    <children/>
  </portal>
  <portal>
    <name>backbase21</name>
    <contextItemName>[BBHOST]</contextItemName>
    <createdBy>admin</createdBy>
    <createdTimestamp>2019-12-20T00:32:37Z</createdTimestamp>
    <lastModifiedBy>admin</lastModifiedBy>
    <lastModifiedTimestamp>2019-12-20T00:32:38Z</lastModifiedTimestamp>
    <securityProfile>ADMIN</securityProfile>
    <hidden>false</hidden>
    <tags/>
    <publishState>NOT_PUBLISHED</publishState>
    <uuid>56f5148f-c034-4055-b28f-5aabb0f77e2d</uuid>
    <locale>en</locale>
    <dir>ltr</dir>
    <lockState>UNLOCKED</lockState>
    <properties>
      <property name="ErrorPage" itemName="backbase21" manageable="true" type="string" fromItem="56f5148f-c034-4055-b28f-5aabb0f77e2d">
        <value type="string">backbase21/error</value>
      </property>
      <property name="Description" itemName="backbase21" manageable="true" type="string" fromItem="56f5148f-c034-4055-b28f-5aabb0f77e2d">
        <value type="string"></value>
      </property>
      <property name="TypeOfTags" itemName="backbase21" manageable="true" type="string" fromItem="56f5148f-c034-4055-b28f-5aabb0f77e2d">
        <value type="string">tracking</value>
      </property>
      <property name="DefaultLandingPage" itemName="backbase21" manageable="true" type="string" fromItem="56f5148f-c034-4055-b28f-5aabb0f77e2d">
        <value type="string">backbase21/index</value>
      </property>
      <property name="publishChains" itemName="backbase21" manageable="true" type="string" fromItem="56f5148f-c034-4055-b28f-5aabb0f77e2d">
        <value type="string">Approval on Package</value>
      </property>
      <property name="AccessDeniedPage" itemName="backbase21" manageable="true" type="string" fromItem="56f5148f-c034-4055-b28f-5aabb0f77e2d">
        <value type="string">backbase21/login?error=accessdenied</value>
      </property>
      <property name="title" itemName="backbase21" manageable="true" type="string" fromItem="56f5148f-c034-4055-b28f-5aabb0f77e2d">
        <value type="string">test3</value>
      </property>
      <property name="LoginPage" itemName="backbase21" manageable="true" type="string" fromItem="56f5148f-c034-4055-b28f-5aabb0f77e2d">
        <value type="string">backbase21/login</value>
      </property>
    </properties>
    <children/>
  </portal>
  <portal>
    <name>cxp-manager</name>
    <contextItemName>[BBHOST]</contextItemName>
    <createdBy>admin</createdBy>
    <createdTimestamp>2019-12-20T00:31:33Z</createdTimestamp>
    <lastModifiedBy>admin</lastModifiedBy>
    <lastModifiedTimestamp>2019-12-20T00:31:38Z</lastModifiedTimestamp>
    <securityProfile>ADMIN</securityProfile>
    <hidden>false</hidden>
    <tags>
      <tag blacklist="false" manageable="true" type="regular">cxpManager</tag>
    </tags>
    <publishState>NOT_PUBLISHED</publishState>
    <uuid>effe3dab-8383-4b10-9763-dd8910ae5f21</uuid>
    <locale>en</locale>
    <dir>ltr</dir>
    <lockState>UNLOCKED</lockState>
    <properties>
      <property name="buildVersion" itemName="cxp-manager" manageable="false" type="string" fromItem="effe3dab-8383-4b10-9763-dd8910ae5f21">
        <value type="string">1</value>
      </property>
      <property name="Description" itemName="cxp-manager" manageable="true" type="string" fromItem="effe3dab-8383-4b10-9763-dd8910ae5f21">
        <value type="string"></value>
      </property>
      <property name="ErrorPage" itemName="cxp-manager" manageable="true" type="string" fromItem="effe3dab-8383-4b10-9763-dd8910ae5f21">
        <value type="string">cxp-manager/login?error=loginerror</value>
      </property>
      <property name="DefaultDevice" itemName="cxp-manager" manageable="true" type="string" fromItem="effe3dab-8383-4b10-9763-dd8910ae5f21">
        <value type="string">web</value>
      </property>
      <property name="requiredWebSDKVersion" itemName="cxp-manager" manageable="false" type="string" fromItem="effe3dab-8383-4b10-9763-dd8910ae5f21">
        <value type="string">1.7.0</value>
      </property>
      <property name="LogoutPage" itemName="cxp-manager" manageable="true" type="string" fromItem="effe3dab-8383-4b10-9763-dd8910ae5f21">
        <value type="string">cxp-manager/login?error=logout</value>
      </property>
      <property name="title" itemName="cxp-manager" manageable="true" type="string" fromItem="effe3dab-8383-4b10-9763-dd8910ae5f21">
        <value type="string">Experience Manager</value>
      </property>
      <property name="version" itemName="cxp-manager" manageable="false" type="string" fromItem="effe3dab-8383-4b10-9763-dd8910ae5f21">
        <value type="string">6.1.5.1</value>
      </property>
      <property name="LoginPage" itemName="cxp-manager" manageable="true" type="string" fromItem="effe3dab-8383-4b10-9763-dd8910ae5f21">
        <value type="string">cxp-manager/login</value>
      </property>
      <property name="DefaultLandingPage" itemName="cxp-manager" manageable="true" type="string" fromItem="effe3dab-8383-4b10-9763-dd8910ae5f21">
        <value type="string">cxp-manager</value>
      </property>
      <property name="AuthenticationFailurePage" itemName="cxp-manager" manageable="true" type="string" fromItem="effe3dab-8383-4b10-9763-dd8910ae5f21">
        <value type="string">cxp-manager/login?error=failure</value>
      </property>
      <property name="AccessDeniedPage" itemName="cxp-manager" manageable="true" type="string" fromItem="effe3dab-8383-4b10-9763-dd8910ae5f21">
        <value type="string">cxp-manager/login?error=accessdenied</value>
      </property>
      <property name="TargetedDevice" itemName="cxp-manager" manageable="true" type="string" fromItem="effe3dab-8383-4b10-9763-dd8910ae5f21">
        <value type="string">web</value>
      </property>
      <property name="thumbnailUrl" itemName="cxp-manager" manageable="true" type="string" fromItem="effe3dab-8383-4b10-9763-dd8910ae5f21">
        <value type="string">$(contextRoot)/static/items/backbase.com.2014.zenith/media/cxp-manager-thumb.png</value>
      </property>
    </properties>
    <children/>
  </portal>
</portals>