[{
  "name": "container_01",
  "kind": "container",
  "properties": {
    "area": "0",
    "isManageableArea": true,
    "Description": "Area that will be manageable on regular pages. Items can be reordered, added and deleted.",
    "src": "$(contextRoot)/static/items/container-bb-manageable-area/index.hbs",
    "title": "Manageable Area",
    "thumbnailUrl": "$(contextRoot)/static/items/container-bb-manageable-area/media/icon.png",
    "autoExtend": true,
    "order": 0
  }
}, {
  "name": "bb-demo-app-wc3-ang-1",
  "kind": "container",
  "properties": {
    "Description": "",
    "render.requires": "render-bb-ssr",
    "src": "$(contextRoot)/static/items/bb-demo-app-wc3-ang/index.hbs",
    "render.strategy": "render-bb-widget-3",
    "title": "WC3 Demo App",
    "thumbnailUrl": "$(contextRoot)/static/items/bb-demo-app-wc3-ang/icon.png",
    "area": "0",
    "order": 8
  }
}, {
  "name": "bb-layout-container-flex-ang-_-0e1238",
  "kind": "container",
  "properties": {
    "Description": "",
    "sidebarColumnClasses": "",
    "child.4.title": "Main Content Area",
    "src": "$(contextRoot)/static/items/bb-layout-container-flex-ang/index.html",
    "child.amountToCreate": "5",
    "child.0.title": "Branding Area",
    "child.3.title": "Header Area",
    "title": "Layout Flex Universal Container",
    "contentLayout": "single",
    "child.2.title": "Sidebar Area",
    "classId": "LayoutContainerComponent",
    "child_extendedItemName": "bb-panel-container-ang",
    "child_amountToCreate": "3",
    "render.requires": "render-bb-widget-3",
    "viewType": "PageLayout",
    "options": "$(contextRoot)/static/items/bb-layout-container-flex-ang/options.json",
    "layoutType": "fluid",
    "showHeaderSection": true,
    "contentColumnClasses": "",
    "child.1.title": "Right Topbar Area",
    "thumbnailUrl": "$(contextRoot)/static/items/bb-layout-container-flex-ang/icon.png",
    "area": "0",
    "order": 0
  }
}, {
  "name": "bb-panel-container-ang",
  "kind": "container",
  "properties": {
    "classId": "PanelContainerComponent",
    "Description": "",
    "src": "$(contextRoot)/static/items/bb-panel-container-ang/index.html",
    "render.requires": "render-bb-widget-3",
    "cssClasses": "d-block",
    "title": "Panel Container",
    "thumbnailUrl": "$(contextRoot)/static/items/bb-panel-container-ang/icon.png",
    "area": "0",
    "order": 8
  }
}, {
  "name": "bb-tab-container-ang",
  "kind": "container",
  "properties": {
    "classId": "TabContainerComponent",
    "Description": "",
    "src": "$(contextRoot)/static/items/bb-panel-container-ang/index.html",
    "render.requires": "render-bb-widget-3",
    "child_amountToCreate": "3",
    "child_extendedItemName": "bb-panel-container-ang",
    "cssClasses": "d-block",
    "title": "Tab Container",
    "thumbnailUrl": "$(contextRoot)/static/items/bb-panel-container-ang/icon.png",
    "area": "0",
    "order": 8
  }
}, {
  "name": "bb-deck-container-ang",
  "kind": "container",
  "properties": {
    "classId": "DeckContainerComponent",
    "Description": "",
    "src": "$(contextRoot)/static/items/bb-panel-container-ang/index.html",
    "render.requires": "render-bb-widget-3",
    "child_amountToCreate": "3",
    "child_extendedItemName": "bb-panel-container-ang",
    "cssClasses": "d-block",
    "title": "Deck Container",
    "thumbnailUrl": "$(contextRoot)/static/items/bb-panel-container-ang/icon.png",
    "area": "0",
    "order": 8
  }
}, {
  "name": "bb-navigation-spa-widget-ang-_-12456",
  "kind": "widget",
  "properties": {
    "classId": "NavigationSpaWidgetComponent",
    "Description": "",
    "render.requires": "render-bb-widget-3",
    "src": "$(contextRoot)/static/items/bb-navigation-spa-widget-ang/index.html",
    "header": "",
    "label": "Navigation Universal Widget",
    "title": "Navigation Universal Widget",
    "dividers": "",
    "sourceRoutesName": "bb-deck-container-ang-_-48a2b14d9c5f",
    "thumbnailUrl": "$(contextRoot)/static/items/bb-navigation-spa-widget-ang/icon.png",
    "area": "0",
    "order": 8
  }
}, {
  "name": "bb-heading-widget-ang::3456756",
  "kind": "widget",
  "properties": {
    "headingType": "h1",
    "Description": "",
    "src": "$(contextRoot)/static/items/bb-heading-widget-ang/index.html",
    "heading": "My Product",
    "buttonTitle": "",
    "output.buttonAction": "navigation:bb-panel-container-ang-_-2d11bd0d2a2d",
    "customClassName": "page-heading-primary page-heading-wrapped pl-4 pr-3",
    "title": "Heading Universal Widget",
    "headingClasses": "",
    "classId": "HeadingWidgetComponent",
    "render.requires": "render-bb-widget-3",
    "iconClasses": "",
    "options": "$(contextRoot)/static/items/bb-heading-widget-ang/options.json",
    "buttonClasses": "",
    "thumbnailUrl": "$(contextRoot)/static/items/bb-heading-widget-ang/icon.png"
  }
}, {
  "name": "bb-product-summary-list-widget-ang-_-44545",
  "kind": "widget",
  "properties": {
    "classId": "ProductSummaryListWidgetComponent",
    "showIcons": true,
    "output.selectedAccount": "navigation:bb-panel-container-ang-_-2d11bd0d2a2d",
    "Description": "",
    "src": "$(contextRoot)/static/items/bb-product-summary-list-widget-ang/index.html",
    "render.requires": "render-bb-widget-3",
    "title": "Product Summary List WC3",
    "thumbnailUrl": "$(contextRoot)/static/items/bb-product-summary-list-widget-ang/icon.png",
    "area": "0",
    "order": 8
  }
}]