{
  "name": "index",
  "kind": "container",
  "properties": {
    "currentLink": "link:/${currentLink}",
    "innerWrapperClass": "",
    "bd_seo_canonical": "",
    "headBeforeEnd": "resource:/static/items/${preferences.extensionPageDefaultName.value}/templates/head/head-before-end.html?sanitize=false",
    "Description": "",
    "src": "$(contextRoot)/static/items/page-bb-default/index.hbs",
    "bd_seo_robots": "",
    "bd_seo_description": "",
    "bodyBeforeEnd": "resource:/static/items/${preferences.extensionPageDefaultName.value}/templates/body/body-before-end.html?sanitize=false",
    "title": "Home",
    "version": "1.0.132",
    "extensionPageDefaultName": "ext-bb-page-default",
    "themeName": "",
    "outerWrapperClass": "",
    "options": "$(contextRoot)/static/items/page-bb-default/assets/options.json",
    "bodyAfterBegin": "resource:/static/items/${preferences.extensionPageDefaultName.value}/templates/body/body-after-begin.html?sanitize=false",
    "thumbnailUrl": "$(contextRoot)/static/items/page-bb-default/assets/icon.png",
    "headAfterBegin": "resource:/static/items/${preferences.extensionPageDefaultName.value}/templates/head/head-after-begin.html?sanitize=false"
  },
  "children": [
    {
      "name": "container_64262ed1-ad79-4791-8764-4ae2e1293710",
      "kind": "container",
      "properties": {
        "area": "0",
        "isManageableArea": true,
        "Description": "Area that will be manageable on regular pages. Items can be reordered, added and deleted.",
        "src": "$(contextRoot)/static/items/container-bb-manageable-area/index.hbs",
        "title": "Manageable Area",
        "thumbnailUrl": "$(contextRoot)/static/items/container-bb-manageable-area/media/icon.png",
        "autoExtend": true,
        "order": 0
      },
      "children": [
        {
          "name": "bb-demo-app-wc3-ang-_-231b11d42164",
          "kind": "container",
          "properties": {
            "Description": "",
            "render.requires": "render-bb-ssr",
            "src": "$(contextRoot)/static/items/bb-demo-app-wc3-ang/index.hbs",
            "render.strategy": "render-bb-widget-3",
            "title": "WC3 Demo App",
            "thumbnailUrl": "$(contextRoot)/static/items/bb-demo-app-wc3-ang/icon.png",
            "area": "0",
            "order": 8
          },
          "children": [
            {
              "name": "bb-layout-container-flex-ang-_-0e8ba1345fa6",
              "kind": "container",
              "properties": {
                "Description": "",
                "sidebarColumnClasses": "",
                "child.4.title": "Main Content Area",
                "src": "$(contextRoot)/static/items/bb-layout-container-flex-ang/index.html",
                "child_amountToCreate": "5",
                "child.0.title": "Branding Area",
                "child.3.title": "Header Area",
                "title": "Layout Flex Universal Container",
                "contentLayout": "single",
                "child.2.title": "Sidebar Area",
                "classId": "LayoutContainerComponent",
                "child_extendedItemName": "bb-panel-container-ang",
                "render.requires": "render-bb-widget-3",
                "viewType": "PageLayout",
                "options": "$(contextRoot)/static/items/bb-layout-container-flex-ang/options.json",
                "layoutType": "fluid",
                "showHeaderSection": true,
                "contentColumnClasses": "",
                "child.1.title": "Right Topbar Area",
                "thumbnailUrl": "$(contextRoot)/static/items/bb-layout-container-flex-ang/icon.png",
                "area": "0",
                "order": 0
              },
              "children": [
                {
                  "name": "bb-panel-container-ang-_-658f6dad56a4",
                  "kind": "container",
                  "properties": {
                    "classId": "PanelContainerComponent",
                    "Description": "",
                    "src": "$(contextRoot)/static/items/bb-panel-container-ang/index.html",
                    "render.requires": "render-bb-widget-3",
                    "cssClasses": "d-block",
                    "title": "Branding Area",
                    "thumbnailUrl": "$(contextRoot)/static/items/bb-panel-container-ang/icon.png",
                    "area": "0",
                    "order": 8
                  },
                  "children": [
                    {
                      "name": "bb-backbase-logo-widget-ang-_-600b7b91d32c",
                      "kind": "widget",
                      "properties": {
                        "classId": "BackbaseLogoWidgetComponent",
                        "Description": "",
                        "src": "$(contextRoot)/static/items/bb-backbase-logo-widget-ang/index.html",
                        "render.requires": "render-bb-widget-3",
                        "label": "Angular BackbaseLogoWidget Widget",
                        "title": "BackbaseLogoWidget Widget",
                        "thumbnailUrl": "$(contextRoot)/static/items/bb-backbase-logo-widget-ang/icon.png",
                        "area": "0",
                        "order": 8
                      }
                    }
                  ]
                },
                {
                  "name": "bb-panel-container-ang-_-3d30bb506ee2",
                  "kind": "container",
                  "properties": {
                    "classId": "PanelContainerComponent",
                    "Description": "",
                    "src": "$(contextRoot)/static/items/bb-panel-container-ang/index.html",
                    "render.requires": "render-bb-widget-3",
                    "cssClasses": "d-block",
                    "title": "Right Topbar Area",
                    "thumbnailUrl": "$(contextRoot)/static/items/bb-panel-container-ang/icon.png",
                    "area": "0",
                    "order": 16
                  },
                  "children": []
                },
                {
                  "name": "bb-panel-container-ang-_-731ab39984bf",
                  "kind": "container",
                  "properties": {
                    "classId": "PanelContainerComponent",
                    "Description": "",
                    "src": "$(contextRoot)/static/items/bb-panel-container-ang/index.html",
                    "render.requires": "render-bb-widget-3",
                    "cssClasses": "d-block",
                    "title": "Sidebar Area",
                    "thumbnailUrl": "$(contextRoot)/static/items/bb-panel-container-ang/icon.png",
                    "area": "0",
                    "order": 24
                  },
                  "children": [
                    {
                      "name": "bb-navigation-spa-widget-ang-_-ea7b5f437c95",
                      "kind": "widget",
                      "properties": {
                        "classId": "NavigationSpaWidgetComponent",
                        "Description": "",
                        "render.requires": "render-bb-widget-3",
                        "src": "$(contextRoot)/static/items/bb-navigation-spa-widget-ang/index.html",
                        "header": "",
                        "label": "Navigation Universal Widget",
                        "title": "Navigation Universal Widget",
                        "dividers": "",
                        "sourceRoutesName": "bb-deck-container-ang-_-48a2b14d9c5f",
                        "thumbnailUrl": "$(contextRoot)/static/items/bb-navigation-spa-widget-ang/icon.png",
                        "area": "0",
                        "order": 8
                      }
                    }
                  ]
                },
                {
                  "name": "bb-panel-container-ang-_-534cf2412dda",
                  "kind": "container",
                  "properties": {
                    "classId": "PanelContainerComponent",
                    "Description": "",
                    "src": "$(contextRoot)/static/items/bb-panel-container-ang/index.html",
                    "render.requires": "render-bb-widget-3",
                    "cssClasses": "d-block",
                    "title": "Header Area",
                    "thumbnailUrl": "$(contextRoot)/static/items/bb-panel-container-ang/icon.png",
                    "area": "0",
                    "order": 32
                  },
                  "children": []
                },
                {
                  "name": "bb-panel-container-ang-_-c078cd6ac8ca",
                  "kind": "container",
                  "properties": {
                    "classId": "PanelContainerComponent",
                    "Description": "",
                    "src": "$(contextRoot)/static/items/bb-panel-container-ang/index.html",
                    "render.requires": "render-bb-widget-3",
                    "cssClasses": "d-block",
                    "title": "Main Content Area",
                    "thumbnailUrl": "$(contextRoot)/static/items/bb-panel-container-ang/icon.png",
                    "area": "0",
                    "order": 40
                  },
                  "children": [
                    {
                      "name": "bb-deck-container-ang-_-48a2b14d9c5f",
                      "kind": "container",
                      "properties": {
                        "Description": "",
                        "src": "$(contextRoot)/static/items/bb-deck-container-ang/index.html",
                        "child_amountToCreate": "3",
                        "child.0.title": "Deck 1",
                        "title": "Deck Container",
                        "disableDefault": "false",
                        "outletName": "",
                        "child.2.title": "Deck 3",
                        "classId": "DeckContainerComponent",
                        "child_extendedItemName": "bb-panel-container-ang",
                        "render.requires": "render-bb-widget-3",
                        "child.route": "",
                        "child.1.title": "Deck 2",
                        "thumbnailUrl": "$(contextRoot)/static/items/bb-deck-container-ang/icon.png",
                        "area": "0",
                        "order": 8
                      },
                      "children": [
                        {
                          "name": "bb-panel-container-ang-_-0e4dcf7fb45d",
                          "kind": "container",
                          "properties": {
                            "classId": "PanelContainerComponent",
                            "Description": "",
                            "src": "$(contextRoot)/static/items/bb-panel-container-ang/index.html",
                            "render.requires": "render-bb-widget-3",
                            "cssClasses": "d-block col-lg-10 col-12 mx-auto",
                            "title": "My Products",
                            "thumbnailUrl": "$(contextRoot)/static/items/bb-panel-container-ang/icon.png",
                            "area": "0",
                            "route": "my-products",
                            "navIcon": "accounts",
                            "order": 16
                          },
                          "children": [
                            {
                              "name": "bb-heading-widget-ang::e5629c44",
                              "kind": "widget",
                              "properties": {
                                "headingType": "h1",
                                "Description": "",
                                "src": "$(contextRoot)/static/items/bb-heading-widget-ang/index.html",
                                "heading": "My Product",
                                "buttonTitle": "",
                                "output.buttonAction": "navigation:bb-panel-container-ang-_-2d11bd0d2a2d",
                                "customClassName": "page-heading-primary page-heading-wrapped pl-4 pr-3",
                                "title": "Heading Universal Widget",
                                "headingClasses": "",
                                "classId": "HeadingWidgetComponent",
                                "render.requires": "render-bb-widget-3",
                                "iconClasses": "",
                                "options": "$(contextRoot)/static/items/bb-heading-widget-ang/options.json",
                                "buttonClasses": "",
                                "thumbnailUrl": "$(contextRoot)/static/items/bb-heading-widget-ang/icon.png"
                              }
                            },
                            {
                              "name": "bb-product-summary-list-widget-ang-_-ad8fce34c0f2",
                              "kind": "widget",
                              "properties": {
                                "classId": "ProductSummaryListWidgetComponent",
                                "showIcons": true,
                                "output.selectedAccount": "navigation:bb-panel-container-ang-_-2d11bd0d2a2d",
                                "Description": "",
                                "src": "$(contextRoot)/static/items/bb-product-summary-list-widget-ang/index.html",
                                "render.requires": "render-bb-widget-3",
                                "title": "Product Summary List WC3",
                                "thumbnailUrl": "$(contextRoot)/static/items/bb-product-summary-list-widget-ang/icon.png",
                                "area": "0",
                                "order": 8
                              }
                            }
                          ]
                        },
                        {
                          "name": "bb-panel-container-ang-_-2d11bd0d2a2d",
                          "kind": "container",
                          "properties": {
                            "classId": "PanelContainerComponent",
                            "Description": "",
                            "src": "$(contextRoot)/static/items/bb-panel-container-ang/index.html",
                            "render.requires": "render-bb-widget-3",
                            "cssClasses": "d-block col-lg-10 col-12 mx-auto",
                            "title": "Transactions",
                            "thumbnailUrl": "$(contextRoot)/static/items/bb-panel-container-ang/icon.png",
                            "area": "0",
                            "route": "transactions",
                            "navIcon": "transactions",
                            "order": 24
                          },
                          "children": [
                            {
                              "name": "bb-heading-widget-ang::27b15533",
                              "kind": "widget",
                              "properties": {
                                "headingType": "h1",
                                "Description": "",
                                "src": "$(contextRoot)/static/items/bb-heading-widget-ang/index.html",
                                "heading": "Transactions",
                                "buttonTitle": "",
                                "output.buttonAction": "navigation:",
                                "customClassName": "page-heading-primary page-heading-wrapped pl-4 pr-3",
                                "title": "Heading Universal Widget",
                                "headingClasses": "",
                                "classId": "HeadingWidgetComponent",
                                "render.requires": "render-bb-widget-3",
                                "iconClasses": "",
                                "options": "$(contextRoot)/static/items/bb-heading-widget-ang/options.json",
                                "buttonClasses": "btn btn-link",
                                "thumbnailUrl": "$(contextRoot)/static/items/bb-heading-widget-ang/icon.png"
                              }
                            },
                            {
                              "name": "bb-product-summary-account-selector-widget-ang-_-56be80475fb8",
                              "kind": "widget",
                              "properties": {
                                "classId": "ProductSummaryAccountSelectorWidgetComponent",
                                "output.selectedAccount": "navigation:bb-panel-container-ang-_-2d11bd0d2a2d",
                                "Description": "",
                                "src": "$(contextRoot)/static/items/bb-product-summary-account-selector-widget-ang/index.html",
                                "render.requires": "render-bb-widget-3",
                                "title": "Product Summary Account Selector WC3",
                                "thumbnailUrl": "$(contextRoot)/static/items/bb-product-summary-account-selector-widget-ang/icon.png",
                                "area": "0",
                                "order": 8
                              }
                            },
                            {
                              "name": "bb-saving-goals-widget-ang-_-3b8c9ec5d124",
                              "kind": "widget",
                              "properties": {
                                "classId": "SavingGoalsWidgetComponent",
                                "Description": "",
                                "notificationDismissTime": 5,
                                "src": "$(contextRoot)/static/items/bb-saving-goals-widget-ang/index.html",
                                "render.requires": "render-bb-widget-3",
                                "title": "Saving Goals Widget WC3",
                                "thumbnailUrl": "$(contextRoot)/static/items/bb-saving-goals-widget-ang/icon.png",
                                "area": "0",
                                "order": 24
                              }
                            },
                            {
                              "name": "bb-panel-container-ang-_-46f6d8749349",
                              "kind": "container",
                              "properties": {
                                "classId": "PanelContainerComponent",
                                "Description": "",
                                "src": "$(contextRoot)/static/items/bb-panel-container-ang/index.html",
                                "render.requires": "render-bb-widget-3",
                                "cssClasses": "d-block pt-3",
                                "title": "Panel Container",
                                "thumbnailUrl": "$(contextRoot)/static/items/bb-panel-container-ang/icon.png",
                                "area": "0",
                                "order": 28
                              },
                              "children": []
                            },
                            {
                              "name": "bb-tab-container-ang-_-d11f7f1d0897",
                              "kind": "container",
                              "properties": {
                                "Description": "",
                                "src": "$(contextRoot)/static/items/bb-tab-container-ang/index.html",
                                "child_amountToCreate": "3",
                                "child.0.title": "Tab 1",
                                "title": "Tab Container",
                                "outletName": "",
                                "child.2.title": "Tab 3",
                                "classId": "TabContainerComponent",
                                "child_extendedItemName": "bb-panel-container-ang",
                                "render.requires": "render-bb-widget-3",
                                "child.route": "",
                                "child.1.title": "Tab 2",
                                "thumbnailUrl": "$(contextRoot)/static/items/bb-tab-container-ang/icon.png",
                                "area": "0",
                                "order": 32
                              },
                              "children": [
                                {
                                  "name": "bb-panel-container-ang-_-62bbb87815d0",
                                  "kind": "container",
                                  "properties": {
                                    "classId": "PanelContainerComponent",
                                    "Description": "",
                                    "src": "$(contextRoot)/static/items/bb-panel-container-ang/index.html",
                                    "render.requires": "render-bb-widget-3",
                                    "cssClasses": "d-block",
                                    "title": "Transactions",
                                    "thumbnailUrl": "$(contextRoot)/static/items/bb-panel-container-ang/icon.png",
                                    "area": "0",
                                    "route": "transactions",
                                    "order": 8
                                  },
                                  "children": [
                                    {
                                      "name": "bb-panel-container-ang-_-1110696cec5a",
                                      "kind": "container",
                                      "properties": {
                                        "classId": "PanelContainerComponent",
                                        "Description": "",
                                        "src": "$(contextRoot)/static/items/bb-panel-container-ang/index.html",
                                        "render.requires": "render-bb-widget-3",
                                        "cssClasses": "d-block pt-3",
                                        "title": "Panel Container",
                                        "thumbnailUrl": "$(contextRoot)/static/items/bb-panel-container-ang/icon.png",
                                        "area": "0",
                                        "order": 0
                                      },
                                      "children": []
                                    },
                                    {
                                      "name": "bb-transactions-list-widget-ang-_-e89aada7635a",
                                      "kind": "widget",
                                      "properties": {
                                        "classId": "TransactionsListWidgetComponent",
                                        "Description": "",
                                        "src": "$(contextRoot)/static/items/bb-transactions-list-widget-ang/index.html",
                                        "render.requires": "render-bb-widget-3",
                                        "bb.transaction.pageSize": 10,
                                        "options": "$(contextRoot)/static/items/bb-transactions-list-widget-ang/options.json",
                                        "title": "Transactions List WC3",
                                        "bb.transaction.paginationType": "load-more",
                                        "bb.transaction.maxNavPages": 3,
                                        "thumbnailUrl": "$(contextRoot)/static/items/bb-transactions-list-widget-ang/icon.png",
                                        "area": "0",
                                        "order": 8
                                      }
                                    }
                                  ]
                                },
                                {
                                  "name": "bb-panel-container-ang-_-0405eea48a69",
                                  "kind": "container",
                                  "properties": {
                                    "classId": "PanelContainerComponent",
                                    "Description": "",
                                    "src": "$(contextRoot)/static/items/bb-panel-container-ang/index.html",
                                    "render.requires": "render-bb-widget-3",
                                    "cssClasses": "d-block",
                                    "title": "Details",
                                    "thumbnailUrl": "$(contextRoot)/static/items/bb-panel-container-ang/icon.png",
                                    "area": "0",
                                    "route": "details",
                                    "order": 16
                                  },
                                  "children": [
                                    {
                                      "name": "bb-panel-container-ang-_-95baf9a60c85",
                                      "kind": "container",
                                      "properties": {
                                        "classId": "PanelContainerComponent",
                                        "Description": "",
                                        "src": "$(contextRoot)/static/items/bb-panel-container-ang/index.html",
                                        "render.requires": "render-bb-widget-3",
                                        "cssClasses": "d-block pt-3",
                                        "title": "Panel Container",
                                        "thumbnailUrl": "$(contextRoot)/static/items/bb-panel-container-ang/icon.png",
                                        "area": "0",
                                        "order": 0
                                      },
                                      "children": []
                                    },
                                    {
                                      "name": "bb-product-summary-details-widget-ang-_-3c2bd14f755c",
                                      "kind": "widget",
                                      "properties": {
                                        "classId": "ProductSummaryDetailsWidgetComponent",
                                        "Description": "",
                                        "src": "$(contextRoot)/static/items/bb-product-summary-details-widget-ang/index.html",
                                        "render.requires": "render-bb-widget-3",
                                        "title": "Product Summary Details Widget WC3",
                                        "thumbnailUrl": "$(contextRoot)/static/items/bb-product-summary-details-widget-ang/icon.png",
                                        "area": "0",
                                        "order": 8
                                      }
                                    }
                                  ]
                                }
                              ]
                            }
                          ]
                        },
                        {
                          "name": "bb-panel-container-ang-_-78605d123ad0",
                          "kind": "container",
                          "properties": {
                            "classId": "PanelContainerComponent",
                            "Description": "",
                            "src": "$(contextRoot)/static/items/bb-panel-container-ang/index.html",
                            "render.requires": "render-bb-widget-3",
                            "cssClasses": "d-block col-lg-10 col-12 mx-auto",
                            "title": "New Payment",
                            "thumbnailUrl": "$(contextRoot)/static/items/bb-panel-container-ang/icon.png",
                            "area": "0",
                            "route": "new-payment",
                            "navIcon": "add",
                            "order": 32
                          },
                          "children": [
                            {
                              "name": "bb-heading-widget-ang::65d1a336",
                              "kind": "widget",
                              "properties": {
                                "headingType": "h1",
                                "Description": "",
                                "src": "$(contextRoot)/static/items/bb-heading-widget-ang/index.html",
                                "heading": "New Payment",
                                "buttonTitle": "",
                                "output.buttonAction": "navigation:",
                                "customClassName": "page-heading-primary page-heading-wrapped pl-4 pr-3",
                                "title": "Heading Universal Widget",
                                "headingClasses": "",
                                "classId": "HeadingWidgetComponent",
                                "render.requires": "render-bb-widget-3",
                                "iconClasses": "",
                                "options": "$(contextRoot)/static/items/bb-heading-widget-ang/options.json",
                                "buttonClasses": "btn btn-link",
                                "thumbnailUrl": "$(contextRoot)/static/items/bb-heading-widget-ang/icon.png"
                              }
                            },
                            {
                              "name": "bb-payord-initiate-sepa-payment-widget-ang-_-d2b6561e0a49",
                              "kind": "widget",
                              "properties": {
                                "classId": "PayordInitiateSepaPaymentWidgetComponent",
                                "Description": "",
                                "src": "$(contextRoot)/static/items/bb-payord-initiate-sepa-payment-widget-ang/index.html",
                                "render.requires": "render-bb-widget-3",
                                "minOccurs": 2,
                                "recurring": true,
                                "maxOccurs": 200,
                                "label": "Angular PayordInitiateSepaPayment Widget",
                                "title": "Initiate SEPA Payment WC3",
                                "urgent": false,
                                "thumbnailUrl": "$(contextRoot)/static/items/bb-payord-initiate-sepa-payment-widget-ang/icon.png",
                                "area": "0",
                                "order": 8
                              }
                            }
                          ]
                        },
                        {
                          "name": "bb-panel-container-ang-_-0bc16ef46967",
                          "kind": "container",
                          "properties": {
                            "classId": "PanelContainerComponent",
                            "Description": "",
                            "src": "$(contextRoot)/static/items/bb-panel-container-ang/index.html",
                            "render.requires": "render-bb-widget-3",
                            "cssClasses": "d-block col-lg-10 col-12 mx-auto",
                            "title": "Insights",
                            "thumbnailUrl": "$(contextRoot)/static/items/bb-panel-container-ang/icon.png",
                            "area": "0",
                            "route": "insights",
                            "navIcon": "insert-chart",
                            "order": 48
                          },
                          "children": [
                            {
                              "name": "bb-heading-widget-ang::b54b659e",
                              "kind": "widget",
                              "properties": {
                                "headingType": "h1",
                                "Description": "",
                                "src": "$(contextRoot)/static/items/bb-heading-widget-ang/index.html",
                                "heading": "Insights",
                                "buttonTitle": "",
                                "output.buttonAction": "navigation:",
                                "customClassName": "page-heading-primary page-heading-wrapped pl-4 pr-3",
                                "title": "Heading Universal Widget",
                                "headingClasses": "",
                                "classId": "HeadingWidgetComponent",
                                "render.requires": "render-bb-widget-3",
                                "iconClasses": "",
                                "options": "$(contextRoot)/static/items/bb-heading-widget-ang/options.json",
                                "buttonClasses": "btn btn-link",
                                "thumbnailUrl": "$(contextRoot)/static/items/bb-heading-widget-ang/icon.png"
                              }
                            },
                            {
                              "name": "bb-product-summary-account-selector-widget-ang-_-af3b50ac4f69",
                              "kind": "widget",
                              "properties": {
                                "classId": "ProductSummaryAccountSelectorWidgetComponent",
                                "output.selectedAccount": "navigation:bb-panel-container-ang-_-0bc16ef46967",
                                "Description": "",
                                "src": "$(contextRoot)/static/items/bb-product-summary-account-selector-widget-ang/index.html",
                                "render.requires": "render-bb-widget-3",
                                "title": "Product Summary Account Selector WC3",
                                "thumbnailUrl": "$(contextRoot)/static/items/bb-product-summary-account-selector-widget-ang/icon.png",
                                "area": "0",
                                "order": 8
                              }
                            },
                            {
                              "name": "bb-panel-container-ang-_-4d8874a0a1c6",
                              "kind": "container",
                              "properties": {
                                "classId": "PanelContainerComponent",
                                "Description": "",
                                "src": "$(contextRoot)/static/items/bb-panel-container-ang/index.html",
                                "render.requires": "render-bb-widget-3",
                                "cssClasses": "d-block pt-3",
                                "title": "Panel Container",
                                "thumbnailUrl": "$(contextRoot)/static/items/bb-panel-container-ang/icon.png",
                                "area": "0",
                                "order": 12
                              },
                              "children": []
                            },
                            {
                              "name": "bb-tab-container-ang-_-4960cfe14aa3",
                              "kind": "container",
                              "properties": {
                                "Description": "",
                                "src": "$(contextRoot)/static/items/bb-tab-container-ang/index.html",
                                "child_amountToCreate": "3",
                                "child.0.title": "Tab 1",
                                "title": "Tab Container",
                                "outletName": "",
                                "child.2.title": "Tab 3",
                                "classId": "TabContainerComponent",
                                "child_extendedItemName": "bb-panel-container-ang",
                                "render.requires": "render-bb-widget-3",
                                "child.route": "",
                                "child.1.title": "Tab 2",
                                "thumbnailUrl": "$(contextRoot)/static/items/bb-tab-container-ang/icon.png",
                                "area": "0",
                                "order": 16
                              },
                              "children": [
                                {
                                  "name": "bb-panel-container-ang-_-f2e5d4d87078",
                                  "kind": "container",
                                  "properties": {
                                    "classId": "PanelContainerComponent",
                                    "Description": "",
                                    "src": "$(contextRoot)/static/items/bb-panel-container-ang/index.html",
                                    "render.requires": "render-bb-widget-3",
                                    "cssClasses": "d-block",
                                    "title": "Cashflow",
                                    "thumbnailUrl": "$(contextRoot)/static/items/bb-panel-container-ang/icon.png",
                                    "area": "0",
                                    "route": "cashflow",
                                    "order": 8
                                  },
                                  "children": [
                                    {
                                      "name": "bb-turnovers-widget-ang-_-c161e277d7ec",
                                      "kind": "widget",
                                      "properties": {
                                        "showForecast": true,
                                        "classId": "TurnoversWidgetComponent",
                                        "Description": "",
                                        "src": "$(contextRoot)/static/items/bb-turnovers-widget-ang/index.html",
                                        "render.requires": "render-bb-widget-3",
                                        "label": "Angular Turnovers Widget",
                                        "title": "Turnovers Widget WC3",
                                        "thumbnailUrl": "$(contextRoot)/static/items/bb-turnovers-widget-ang/icon.png",
                                        "area": "0",
                                        "order": 8
                                      }
                                    }
                                  ]
                                },
                                {
                                  "name": "bb-panel-container-ang-_-f82c4b0a1837",
                                  "kind": "container",
                                  "properties": {
                                    "classId": "PanelContainerComponent",
                                    "Description": "",
                                    "src": "$(contextRoot)/static/items/bb-panel-container-ang/index.html",
                                    "render.requires": "render-bb-widget-3",
                                    "cssClasses": "d-block",
                                    "title": "Spending Analysis",
                                    "thumbnailUrl": "$(contextRoot)/static/items/bb-panel-container-ang/icon.png",
                                    "area": "0",
                                    "route": "spending-analysis",
                                    "order": 16
                                  },
                                  "children": [
                                    {
                                      "name": "bb-income-spending-analysis-widget-ang-_-c22306e9e8b4",
                                      "kind": "widget",
                                      "properties": {
                                        "classId": "IncomeSpendingAnalysisWidgetComponent",
                                        "Description": "",
                                        "analysisIndicator": "DBIT",
                                        "src": "$(contextRoot)/static/items/bb-income-spending-analysis-widget-ang/index.html",
                                        "render.requires": "render-bb-widget-3",
                                        "options": "$(contextRoot)/static/items/bb-income-spending-analysis-widget-ang/options.json",
                                        "title": "Income Spending Analysis Widget WC3",
                                        "thumbnailUrl": "$(contextRoot)/static/items/bb-income-spending-analysis-widget-ang/icon.png",
                                        "area": "0",
                                        "order": 8
                                      }
                                    }
                                  ]
                                },
                                {
                                  "name": "bb-panel-container-ang-_-4ce9ab2af9d4",
                                  "kind": "container",
                                  "properties": {
                                    "classId": "PanelContainerComponent",
                                    "Description": "",
                                    "src": "$(contextRoot)/static/items/bb-panel-container-ang/index.html",
                                    "render.requires": "render-bb-widget-3",
                                    "cssClasses": "d-block",
                                    "title": "Income Analysis",
                                    "thumbnailUrl": "$(contextRoot)/static/items/bb-panel-container-ang/icon.png",
                                    "area": "0",
                                    "route": "income-analysis",
                                    "order": 24
                                  },
                                  "children": [
                                    {
                                      "name": "bb-income-spending-analysis-widget-ang-_-b9a23dd65cca",
                                      "kind": "widget",
                                      "properties": {
                                        "classId": "IncomeSpendingAnalysisWidgetComponent",
                                        "Description": "",
                                        "analysisIndicator": "CRDT",
                                        "src": "$(contextRoot)/static/items/bb-income-spending-analysis-widget-ang/index.html",
                                        "render.requires": "render-bb-widget-3",
                                        "options": "$(contextRoot)/static/items/bb-income-spending-analysis-widget-ang/options.json",
                                        "title": "Income Spending Analysis Widget WC3",
                                        "thumbnailUrl": "$(contextRoot)/static/items/bb-income-spending-analysis-widget-ang/icon.png",
                                        "area": "0",
                                        "order": 8
                                      }
                                    }
                                  ]
                                }
                              ]
                            },
                            {
                              "name": "bb-panel-container-ang-_-b0970a3c3138",
                              "kind": "container",
                              "properties": {
                                "classId": "PanelContainerComponent",
                                "Description": "",
                                "src": "$(contextRoot)/static/items/bb-panel-container-ang/index.html",
                                "render.requires": "render-bb-widget-3",
                                "cssClasses": "d-block",
                                "title": "Panel Container",
                                "thumbnailUrl": "$(contextRoot)/static/items/bb-panel-container-ang/icon.png",
                                "area": "0",
                                "order": 18
                              },
                              "children": []
                            },
                            {
                              "name": "bb-panel-container-ang-_-365ea19c2b10",
                              "kind": "container",
                              "properties": {
                                "classId": "PanelContainerComponent",
                                "Description": "",
                                "src": "$(contextRoot)/static/items/bb-panel-container-ang/index.html",
                                "render.requires": "render-bb-widget-3",
                                "cssClasses": "d-block",
                                "title": "Panel Container",
                                "thumbnailUrl": "$(contextRoot)/static/items/bb-panel-container-ang/icon.png",
                                "area": "0",
                                "order": 20
                              },
                              "children": []
                            },
                            {
                              "name": "bb-panel-container-ang-_-9e54be82dfdb",
                              "kind": "container",
                              "properties": {
                                "classId": "PanelContainerComponent",
                                "Description": "",
                                "src": "$(contextRoot)/static/items/bb-panel-container-ang/index.html",
                                "render.requires": "render-bb-widget-3",
                                "cssClasses": "d-block",
                                "title": "Panel Container",
                                "thumbnailUrl": "$(contextRoot)/static/items/bb-panel-container-ang/icon.png",
                                "area": "0",
                                "order": 24
                              },
                              "children": []
                            }
                          ]
                        },
                        {
                          "name": "bb-panel-container-ang-_-3af197932ba6",
                          "kind": "container",
                          "properties": {
                            "classId": "PanelContainerComponent",
                            "Description": "",
                            "src": "$(contextRoot)/static/items/bb-panel-container-ang/index.html",
                            "render.requires": "render-bb-widget-3",
                            "cssClasses": "d-block col-lg-10 col-12 mx-auto",
                            "title": "Budgets",
                            "thumbnailUrl": "$(contextRoot)/static/items/bb-panel-container-ang/icon.png",
                            "area": "0",
                            "route": "budgets",
                            "navIcon": "donut-small",
                            "order": 56
                          },
                          "children": [
                            {
                              "name": "bb-heading-widget-ang::f666838d",
                              "kind": "widget",
                              "properties": {
                                "headingType": "h1",
                                "Description": "",
                                "src": "$(contextRoot)/static/items/bb-heading-widget-ang/index.html",
                                "heading": "Budgets",
                                "buttonTitle": "",
                                "output.buttonAction": "navigation:",
                                "customClassName": "page-heading-primary page-heading-wrapped pl-4 pr-3",
                                "title": "Heading Universal Widget",
                                "headingClasses": "",
                                "classId": "HeadingWidgetComponent",
                                "render.requires": "render-bb-widget-3",
                                "iconClasses": "",
                                "options": "$(contextRoot)/static/items/bb-heading-widget-ang/options.json",
                                "buttonClasses": "btn btn-link",
                                "thumbnailUrl": "$(contextRoot)/static/items/bb-heading-widget-ang/icon.png"
                              }
                            },
                            {
                              "name": "bb-budget-widget-ang-_-593e14585fbe",
                              "kind": "widget",
                              "properties": {
                                "budgetSafeZoneLimit": 80,
                                "classId": "BudgetWidgetComponent",
                                "Description": "",
                                "notificationDismissTime": 5,
                                "src": "$(contextRoot)/static/items/bb-budget-widget-ang/index.html",
                                "render.requires": "render-bb-widget-3",
                                "showPercentage": false,
                                "label": "Angular Budget Widget",
                                "title": "Budget Widget WC3",
                                "maxBudgets": null,
                                "thumbnailUrl": "$(contextRoot)/static/items/bb-budget-widget-ang/icon.png",
                                "area": "0",
                                "order": 8
                              }
                            }
                          ]
                        },
                        {
                          "name": "bb-panel-container-ang-_-7fda9ddd1233",
                          "kind": "container",
                          "properties": {
                            "classId": "PanelContainerComponent",
                            "Description": "",
                            "src": "$(contextRoot)/static/items/bb-panel-container-ang/index.html",
                            "render.requires": "render-bb-widget-3",
                            "cssClasses": "d-block col-lg-10 col-12 mx-auto",
                            "title": "eStatements",
                            "thumbnailUrl": "$(contextRoot)/static/items/bb-panel-container-ang/icon.png",
                            "area": "0",
                            "route": "account-statements",
                            "navIcon": "description",
                            "order": 64
                          },
                          "children": [
                            {
                              "name": "bb-heading-widget-ang::b992584b",
                              "kind": "widget",
                              "properties": {
                                "headingType": "h1",
                                "Description": "",
                                "src": "$(contextRoot)/static/items/bb-heading-widget-ang/index.html",
                                "heading": "Account Statements",
                                "buttonTitle": "",
                                "output.buttonAction": "navigation:",
                                "customClassName": "page-heading-primary page-heading-wrapped pl-4 pr-3",
                                "title": "Heading Universal Widget",
                                "headingClasses": "",
                                "classId": "HeadingWidgetComponent",
                                "render.requires": "render-bb-widget-3",
                                "iconClasses": "",
                                "options": "$(contextRoot)/static/items/bb-heading-widget-ang/options.json",
                                "buttonClasses": "btn btn-link",
                                "thumbnailUrl": "$(contextRoot)/static/items/bb-heading-widget-ang/icon.png"
                              }
                            },
                            {
                              "name": "bb-account-statement-list-widget-ang-ang-_-98441027e8c4",
                              "kind": "widget",
                              "properties": {
                                "Description": "",
                                "src": "$(contextRoot)/static/items/bb-account-statement-list-widget-ang-ang/index.html",
                                "bb.accountStatement.filter.multiCategory": true,
                                "bb.accountStatement.showCategory": true,
                                "label": "Angular AccountStatementListWidgetAng Widget",
                                "title": "AccountStatementListWidgetAng Widget",
                                "bb.accountStatement.dateRelative": 24,
                                "classId": "AccountStatementListWidgetAngComponent",
                                "bb.accountStatement.pageSize": 24,
                                "render.requires": "render-bb-widget-3",
                                "bb.accountStatement.multiSelect": false,
                                "bb.accountStatement.sortingOrder": "date",
                                "bb.accountStatement.showDescription": true,
                                "thumbnailUrl": "$(contextRoot)/static/items/bb-account-statement-list-widget-ang-ang/icon.png",
                                "bb.accountStatement.sortingDirection": "DESC",
                                "area": "0",
                                "order": 8
                              }
                            }
                          ]
                        },
                        {
                          "name": "bb-panel-container-ang-_-793b3acf197b",
                          "kind": "container",
                          "properties": {
                            "classId": "PanelContainerComponent",
                            "Description": "",
                            "src": "$(contextRoot)/static/items/bb-panel-container-ang/index.html",
                            "render.requires": "render-bb-widget-3",
                            "cssClasses": "d-block col-lg-10 col-12 mx-auto",
                            "title": "My Contacts",
                            "thumbnailUrl": "$(contextRoot)/static/items/bb-panel-container-ang/icon.png",
                            "area": "0",
                            "route": "my-contacts",
                            "navIcon": "contacts",
                            "order": 80
                          },
                          "children": [
                            {
                              "name": "bb-heading-widget-ang::aaa9dd62",
                              "kind": "widget",
                              "properties": {
                                "headingType": "h1",
                                "Description": "",
                                "src": "$(contextRoot)/static/items/bb-heading-widget-ang/index.html",
                                "heading": "My Contacts",
                                "buttonTitle": "",
                                "output.buttonAction": "navigation:",
                                "customClassName": "page-heading-primary page-heading-wrapped pl-4 pr-3",
                                "title": "Heading Universal Widget",
                                "headingClasses": "",
                                "classId": "HeadingWidgetComponent",
                                "render.requires": "render-bb-widget-3",
                                "iconClasses": "",
                                "options": "$(contextRoot)/static/items/bb-heading-widget-ang/options.json",
                                "buttonClasses": "btn btn-link",
                                "thumbnailUrl": "$(contextRoot)/static/items/bb-heading-widget-ang/icon.png"
                              }
                            },
                            {
                              "name": "bb-contact-manager-ang-_-785bd7dc6e3b",
                              "kind": "widget",
                              "properties": {
                                "Description": "",
                                "src": "$(contextRoot)/static/items/bb-contact-manager-ang/index.html",
                                "newContact": true,
                                "pageSize": "5",
                                "label": "Angular Contact Manager WC3 Widget",
                                "title": "Contact Manager WC3",
                                "classId": "ContactManagerWidgetComponent",
                                "groupName": "",
                                "paginationType": "pagination",
                                "render.requires": "render-bb-widget-3",
                                "maxNavPages": 3,
                                "showAvatar": true,
                                "thumbnailUrl": "$(contextRoot)/static/items/bb-contact-manager-ang/icon.png",
                                "area": "0",
                                "order": 8
                              }
                            }
                          ]
                        },
                        {
                          "name": "bb-panel-container-ang-_-b5f4c74829a1",
                          "kind": "container",
                          "properties": {
                            "classId": "PanelContainerComponent",
                            "Description": "",
                            "src": "$(contextRoot)/static/items/bb-panel-container-ang/index.html",
                            "render.requires": "render-bb-widget-3",
                            "cssClasses": "d-block col-lg-10 col-12 mx-auto",
                            "title": "Cards",
                            "thumbnailUrl": "$(contextRoot)/static/items/bb-panel-container-ang/icon.png",
                            "area": "0",
                            "route": "credit_card",
                            "navIcon": "credit-card",
                            "order": 88
                          },
                          "children": [
                            {
                              "name": "bb-panel-container-ang-_-f5f7ac882b95",
                              "kind": "container",
                              "properties": {
                                "classId": "PanelContainerComponent",
                                "Description": "",
                                "src": "$(contextRoot)/static/items/bb-panel-container-ang/index.html",
                                "render.requires": "render-bb-widget-3",
                                "cssClasses": "d-block",
                                "title": "Panel Container",
                                "thumbnailUrl": "$(contextRoot)/static/items/bb-panel-container-ang/icon.png",
                                "area": "0",
                                "order": 0
                              },
                              "children": []
                            },
                            {
                              "name": "bb-heading-widget-ang-_-411d063b4c5b",
                              "kind": "widget",
                              "properties": {
                                "headingType": "h1",
                                "Description": "",
                                "src": "$(contextRoot)/static/items/bb-heading-widget-ang/index.html",
                                "heading": "Cards",
                                "buttonTitle": "",
                                "output.buttonAction": "navigation:",
                                "customClassName": "page-heading-primary page-heading-wrapped pl-4 pr-3",
                                "title": "Heading Universal Widget",
                                "headingClasses": "",
                                "classId": "HeadingWidgetComponent",
                                "render.requires": "render-bb-widget-3",
                                "iconClasses": "",
                                "options": "$(contextRoot)/static/items/bb-heading-widget-ang/options.json",
                                "buttonClasses": "btn btn-link",
                                "thumbnailUrl": "$(contextRoot)/static/items/bb-heading-widget-ang/icon.png",
                                "area": "0",
                                "order": 8
                              }
                            },
                            {
                              "name": "bb-cards-list-widget-ang-_-5265f105c605",
                              "kind": "widget",
                              "properties": {
                                "classId": "CardsListWidgetComponent",
                                "Description": "",
                                "src": "$(contextRoot)/static/items/bb-cards-list-widget-ang/index.html",
                                "render.requires": "render-bb-widget-3",
                                "title": "Cards List Widget WC3",
                                "thumbnailUrl": "$(contextRoot)/static/items/bb-cards-list-widget-ang/icon.png",
                                "area": "0",
                                "order": 16
                              }
                            }
                          ]
                        },
                        {
                          "name": "bb-panel-container-ang-_-d89fe64648b1",
                          "kind": "container",
                          "properties": {
                            "classId": "PanelContainerComponent",
                            "Description": "",
                            "src": "$(contextRoot)/static/items/bb-panel-container-ang/index.html",
                            "render.requires": "render-bb-widget-3",
                            "cssClasses": "d-block col-lg-10 col-12 mx-auto",
                            "title": "User Profile",
                            "thumbnailUrl": "$(contextRoot)/static/items/bb-panel-container-ang/icon.png",
                            "area": "0",
                            "route": "user-profile",
                            "navIcon": "user",
                            "order": 96
                          },
                          "children": [
                            {
                              "name": "bb-heading-widget-ang-_-73ba0e079094",
                              "kind": "widget",
                              "properties": {
                                "headingType": "h1",
                                "Description": "",
                                "src": "$(contextRoot)/static/items/bb-heading-widget-ang/index.html",
                                "heading": "User Profile",
                                "buttonTitle": "",
                                "output.buttonAction": "navigation:",
                                "customClassName": "page-heading-primary page-heading-wrapped pl-4 pr-3",
                                "title": "Heading Universal Widget",
                                "headingClasses": "",
                                "classId": "HeadingWidgetComponent",
                                "render.requires": "render-bb-widget-3",
                                "iconClasses": "",
                                "options": "$(contextRoot)/static/items/bb-heading-widget-ang/options.json",
                                "buttonClasses": "",
                                "thumbnailUrl": "$(contextRoot)/static/items/bb-heading-widget-ang/icon.png",
                                "area": "0",
                                "order": 8
                              }
                            },
                            {
                              "name": "bb-user-manage-profile-widget-ang-_-e79630967519",
                              "kind": "widget",
                              "properties": {
                                "postalAddressTypes": "Home, Business, Mailing",
                                "Description": "",
                                "maxEmailAddresses": 3,
                                "src": "$(contextRoot)/static/items/bb-user-manage-profile-widget-ang/index.html",
                                "label": "User Manage Profile Widget",
                                "title": "User Manage Profile Widget",
                                "phoneNumberCountryCode": "CA",
                                "phoneNumberTypes": "Home, Work, Mobile",
                                "classId": "UserManageProfileWidgetComponent",
                                "notificationDismissTime": 3,
                                "emailAddressTypes": "Personal, Work",
                                "render.requires": "render-bb-widget-3",
                                "maxPostalAddresses": 3,
                                "phoneNumberDebounceTime": 1,
                                "maxPhoneNumbers": 3,
                                "thumbnailUrl": "$(contextRoot)/static/items/bb-user-manage-profile-widget-ang/icon.png",
                                "area": "0",
                                "order": 16
                              }
                            }
                          ]
                        }
                      ]
                    }
                  ]
                }
              ]
            }
          ]
        }
      ]
    }
  ]
}