[{
    "name": "cxp-manager",
    "contextItemName": "[BBHOST]",
    "createdBy": "sys2sys",
    "createdTimestamp": "2017-11-10T08:59:49Z",
    "lastModifiedBy": "sys2sys",
    "lastModifiedTimestamp": "2017-11-10T09:00:03Z",
    "securityProfile": "ADMIN",
    "hidden": "false",
    "lastModifiedItem":
    {
        "name": "cxp-manager",
        "createdBy": "sys2sys",
        "createdTimestamp": "2017-11-10T08:59:49Z",
        "lastModifiedBy": "sys2sys",
        "lastModifiedTimestamp": "2017-11-10T09:00:03Z"
    },
    "tags": [
    {
        "blacklist": "false",
        "manageable": "true",
        "type": "regular",
        "value": "cxpManager"
    }],
    "publishState": "NOT_PUBLISHED",
    "uuid": "effe3dab-8383-4b10-9763-dd8910ae5f21",
    "locale": "en",
    "dir": "ltr",
    "lockState": "UNLOCKED",
    "properties": [
    {
        "name": "Description",
        "readonly": "false",
        "itemName": "cxp-manager",
        "manageable": "true",
        "type": "string",
        "fromItem": "effe3dab-8383-4b10-9763-dd8910ae5f21",
        "value": ""
    },
    {
        "name": "ErrorPage",
        "readonly": "false",
        "itemName": "cxp-manager",
        "manageable": "true",
        "type": "string",
        "fromItem": "effe3dab-8383-4b10-9763-dd8910ae5f21",
        "value": "cxp-manager/login?error=loginerror"
    },
    {
        "name": "DefaultLandingPage",
        "readonly": "false",
        "itemName": "cxp-manager",
        "manageable": "true",
        "type": "string",
        "fromItem": "effe3dab-8383-4b10-9763-dd8910ae5f21",
        "value": "cxp-manager"
    },
    {
        "name": "AuthenticationFailurePage",
        "readonly": "false",
        "itemName": "cxp-manager",
        "manageable": "true",
        "type": "string",
        "fromItem": "effe3dab-8383-4b10-9763-dd8910ae5f21",
        "value": "cxp-manager/login?error=failure"
    },
    {
        "name": "DefaultDevice",
        "readonly": "false",
        "itemName": "cxp-manager",
        "manageable": "true",
        "type": "string",
        "fromItem": "effe3dab-8383-4b10-9763-dd8910ae5f21",
        "value": "web"
    },
    {
        "name": "TargetedDevice",
        "readonly": "false",
        "itemName": "cxp-manager",
        "manageable": "true",
        "type": "string",
        "fromItem": "effe3dab-8383-4b10-9763-dd8910ae5f21",
        "value": "web"
    },
    {
        "name": "AccessDeniedPage",
        "readonly": "false",
        "itemName": "cxp-manager",
        "manageable": "true",
        "type": "string",
        "fromItem": "effe3dab-8383-4b10-9763-dd8910ae5f21",
        "value": "cxp-manager/login?error=accessdenied"
    },
    {
        "name": "LogoutPage",
        "readonly": "false",
        "itemName": "cxp-manager",
        "manageable": "true",
        "type": "string",
        "fromItem": "effe3dab-8383-4b10-9763-dd8910ae5f21",
        "value": "cxp-manager/login?error=logout"
    },
    {
        "name": "title",
        "readonly": "false",
        "itemName": "cxp-manager",
        "manageable": "true",
        "type": "string",
        "fromItem": "effe3dab-8383-4b10-9763-dd8910ae5f21",
        "value": "CXP Manager"
    },
    {
        "name": "LoginPage",
        "readonly": "false",
        "itemName": "cxp-manager",
        "manageable": "true",
        "type": "string",
        "fromItem": "effe3dab-8383-4b10-9763-dd8910ae5f21",
        "value": "cxp-manager/login"
    },
    {
        "name": "thumbnailUrl",
        "readonly": "false",
        "itemName": "cxp-manager",
        "manageable": "true",
        "type": "string",
        "fromItem": "effe3dab-8383-4b10-9763-dd8910ae5f21",
        "value": "$(contextRoot)/static/items/backbase.com.2014.zenith/media/cxp-manager-thumb.png"
    }],
    "children":
    {},
    "type": "portal",
    "title": "CXP Manager",
    "thumbnailUrl": "$(contextRoot)/static/items/backbase.com.2014.zenith/media/cxp-manager-thumb.png"
},
{
    "name": "peter-d",
    "contextItemName": "[BBHOST]",
    "createdBy": "admin",
    "createdTimestamp": "2017-11-10T09:28:10Z",
    "lastModifiedBy": "admin",
    "lastModifiedTimestamp": "2017-11-10T09:28:14Z",
    "securityProfile": "ADMIN",
    "hidden": "false",
    "lastModifiedItem":
    {
        "name": "peter-d",
        "createdBy": "admin",
        "createdTimestamp": "2017-11-10T09:28:10Z",
        "lastModifiedBy": "admin",
        "lastModifiedTimestamp": "2017-11-10T09:28:14Z"
    },
    "tags": [],
    "publishState": "NOT_PUBLISHED",
    "uuid": "ddfd84b9-0253-44c0-97e4-2b1cfe8dc7b6",
    "locale": "en",
    "dir": "ltr",
    "lockState": "UNLOCKED",
    "properties": [
    {
        "name": "Description",
        "readonly": "false",
        "itemName": "peter-d",
        "manageable": "true",
        "type": "string",
        "fromItem": "ddfd84b9-0253-44c0-97e4-2b1cfe8dc7b6",
        "value": ""
    },
    {
        "name": "ErrorPage",
        "readonly": "false",
        "itemName": "peter-d",
        "manageable": "true",
        "type": "string",
        "fromItem": "ddfd84b9-0253-44c0-97e4-2b1cfe8dc7b6",
        "value": "peter-d/error"
    },
    {
        "name": "TypeOfTags",
        "readonly": "false",
        "itemName": "peter-d",
        "manageable": "true",
        "type": "string",
        "fromItem": "ddfd84b9-0253-44c0-97e4-2b1cfe8dc7b6",
        "value": "tracking"
    },
    {
        "name": "DefaultLandingPage",
        "readonly": "false",
        "itemName": "peter-d",
        "manageable": "true",
        "type": "string",
        "fromItem": "ddfd84b9-0253-44c0-97e4-2b1cfe8dc7b6",
        "value": "peter-d/index"
    },
    {
        "name": "AuthenticationFailurePage",
        "readonly": "false",
        "itemName": "peter-d",
        "manageable": "true",
        "type": "string",
        "fromItem": "ddfd84b9-0253-44c0-97e4-2b1cfe8dc7b6",
        "value": "peter-d/login?error=failure"
    },
    {
        "name": "publishChains",
        "readonly": "false",
        "itemName": "peter-d",
        "manageable": "true",
        "type": "string",
        "fromItem": "ddfd84b9-0253-44c0-97e4-2b1cfe8dc7b6",
        "value": "Approval on Package"
    },
    {
        "name": "AccessDeniedPage",
        "readonly": "false",
        "itemName": "peter-d",
        "manageable": "true",
        "type": "string",
        "fromItem": "ddfd84b9-0253-44c0-97e4-2b1cfe8dc7b6",
        "value": "peter-d/login?error=accessdenied"
    },
    {
        "name": "LogoutPage",
        "readonly": "false",
        "itemName": "peter-d",
        "manageable": "true",
        "type": "string",
        "fromItem": "ddfd84b9-0253-44c0-97e4-2b1cfe8dc7b6",
        "value": "peter-d/login?error=logout"
    },
    {
        "name": "title",
        "readonly": "false",
        "itemName": "peter-d",
        "manageable": "true",
        "type": "string",
        "fromItem": "ddfd84b9-0253-44c0-97e4-2b1cfe8dc7b6",
        "value": "Peter D"
    },
    {
        "name": "LoginPage",
        "readonly": "false",
        "itemName": "peter-d",
        "manageable": "true",
        "type": "string",
        "fromItem": "ddfd84b9-0253-44c0-97e4-2b1cfe8dc7b6",
        "value": "peter-d/login"
    }],
    "children":
    {},
    "type": "portal",
    "title": "Peter D"
},
{
    "name": "some-portal",
    "contextItemName": "[BBHOST]",
    "createdBy": "admin",
    "createdTimestamp": "2017-11-10T14:59:44Z",
    "lastModifiedBy": "admin",
    "lastModifiedTimestamp": "2017-11-10T14:59:47Z",
    "securityProfile": "ADMIN",
    "hidden": "false",
    "lastModifiedItem":
    {
        "name": "some-portal",
        "createdBy": "admin",
        "createdTimestamp": "2017-11-10T14:59:44Z",
        "lastModifiedBy": "admin",
        "lastModifiedTimestamp": "2017-11-10T14:59:47Z"
    },
    "tags": [],
    "publishState": "NOT_PUBLISHED",
    "uuid": "09e47ec5-8f0e-4170-8166-b469997c6219",
    "locale": "en",
    "dir": "ltr",
    "lockState": "UNLOCKED",
    "properties": [
    {
        "name": "Description",
        "readonly": "false",
        "itemName": "some-portal",
        "manageable": "true",
        "type": "string",
        "fromItem": "09e47ec5-8f0e-4170-8166-b469997c6219",
        "value": ""
    },
    {
        "name": "ErrorPage",
        "readonly": "false",
        "itemName": "some-portal",
        "manageable": "true",
        "type": "string",
        "fromItem": "09e47ec5-8f0e-4170-8166-b469997c6219",
        "value": "some-portal/error"
    },
    {
        "name": "TypeOfTags",
        "readonly": "false",
        "itemName": "some-portal",
        "manageable": "true",
        "type": "string",
        "fromItem": "09e47ec5-8f0e-4170-8166-b469997c6219",
        "value": "tracking"
    },
    {
        "name": "DefaultLandingPage",
        "readonly": "false",
        "itemName": "some-portal",
        "manageable": "true",
        "type": "string",
        "fromItem": "09e47ec5-8f0e-4170-8166-b469997c6219",
        "value": "some-portal/index"
    },
    {
        "name": "AuthenticationFailurePage",
        "readonly": "false",
        "itemName": "some-portal",
        "manageable": "true",
        "type": "string",
        "fromItem": "09e47ec5-8f0e-4170-8166-b469997c6219",
        "value": "some-portal/login?error=failure"
    },
    {
        "name": "publishChains",
        "readonly": "false",
        "itemName": "some-portal",
        "manageable": "true",
        "type": "string",
        "fromItem": "09e47ec5-8f0e-4170-8166-b469997c6219",
        "value": "Approval on Package"
    },
    {
        "name": "AccessDeniedPage",
        "readonly": "false",
        "itemName": "some-portal",
        "manageable": "true",
        "type": "string",
        "fromItem": "09e47ec5-8f0e-4170-8166-b469997c6219",
        "value": "some-portal/login?error=accessdenied"
    },
    {
        "name": "LogoutPage",
        "readonly": "false",
        "itemName": "some-portal",
        "manageable": "true",
        "type": "string",
        "fromItem": "09e47ec5-8f0e-4170-8166-b469997c6219",
        "value": "some-portal/login?error=logout"
    },
    {
        "name": "title",
        "readonly": "false",
        "itemName": "some-portal",
        "manageable": "true",
        "type": "string",
        "fromItem": "09e47ec5-8f0e-4170-8166-b469997c6219",
        "value": "Some Portal"
    },
    {
        "name": "LoginPage",
        "readonly": "false",
        "itemName": "some-portal",
        "manageable": "true",
        "type": "string",
        "fromItem": "09e47ec5-8f0e-4170-8166-b469997c6219",
        "value": "some-portal/login"
    }],
    "children":
    {},
    "type": "portal",
    "title": "Some Portal"
}]