{
  "name": "index",
  "permission": "admin",
  "id": "c85ae386-365b-47e6-a224-37a61bdxdse",
  "kind": "page",
  "properties": {
    "title": "Home"
  },
  "children": [
    {
      "name": "container_64262ed1-ad79-4791-8764-4ae2e1293710",
      "permission": "admin",
      "kind": "container",
      "properties": {
        "isManageableArea": true,
        "title": "Manageable Area",
        "autoExtend": true
      },
      "children": [
        {
          "id": "c85ae386-365b-47e6-a224-37a61bd750ef",
          "kind": "container",
          "name": "bb-universal-app-visual-ang-_-65e2ed418afa",
          "permission": "admin",
          "properties": {
            "render.strategy": "render-bb-widget-3",
            "title": "Angular UniversalAppVisual App Container"
          },
          "children": [
            {
              "id": "8dfd17c4-3243-4517-b3b2-26c8665d97f1",
              "name": "bb-layout-container-flex-ang-_-3f04b89d5d38",
              "kind": "container",
              "permission": "admin",
              "properties": {
                "title": "Layout Flex Container",
                "render.requires": "render-bb-widget-3"
              },
              "children": [
                {
                  "id": "e9b37461-1f0a-4728-a5d6-2e0b76e15320",
                  "name": "bb-panel-container-ang-_-5287ae1a0d07",
                  "kind": "container",
                  "permission": "creator",
                  "properties": {
                    "render.requires": "render-bb-widget-3",
                    "title": "Branding Area"
                  },
                  "children": [
                    {
                      "name": "bb-logo-widget-ang-_-11111121",
                      "kind": "widget",
                      "properties": {
                        "title": "Logo"
                      }
                    }
                  ]
                },
                {
                  "id": "31441e2a-ee77-4b67-9381-9836fe138656",
                  "name": "bb-panel-container-ang-_-96c8a651662b",
                  "kind": "container",
                  "properties": {
                    "render.requires": "render-bb-widget-3",
                    "title": "Right Topbar Area"
                  },
                  "children": []
                },
                {
                  "id": "89272042-a73c-4454-8d72-50d712884464",
                  "name": "bb-panel-container-ang-_-d3185b848859",
                  "kind": "container",
                  "properties": {
                    "render.requires": "render-bb-widget-3",
                    "title": "Sidebar Area"
                  },
                  "children": [
                    {
                      "id": "07adf24b-2376-4698-84e1-db05784f56c1",
                      "name": "bb-navigation-spa-widget-ang-_-00955cd8b06a",
                      "kind": "widget",
                      "properties": {
                        "render.requires": "render-bb-widget-3",
                        "title": "Navigation Universal Widget"
                      }
                    }
                  ]
                },
                {
                  "id": "e2c0ab5e-f43c-4e02-b155-b15c8bfc3ff6",
                  "name": "bb-panel-container-ang-_-4afb73515570",
                  "kind": "container",
                  "properties": {
                    "render.requires": "render-bb-widget-3",
                    "title": "Header Area"
                  },
                  "children": []
                },
                {
                  "id": "cea9810f-0c70-4e1a-8f5f-637d8478409c",
                  "name": "bb-panel-container-ang-_-8fd2bb65621d",
                  "kind": "container",
                  "properties": {
                    "render.requires": "render-bb-widget-3",
                    "title": "Main Content Area"
                  },
                  "children": [
                    {
                      "name": "bb-deck-container-ang-_-f9bfcfbfe9fd",
                      "kind": "container",
                      "properties": {
                        "title": "Angular Tab Container"
                      },
                      "children": [
                        {
                          "name": "bb-column-container-ang-_-111111",
                          "kind": "container",
                          "properties": {
                            "title": "Dashboard"
                          },
                          "children": [
                            {
                              "name": "bb-panel-container-ang-_-1111111",
                              "kind": "container",
                              "properties": {
                                "title": "Dashboard left"
                              },
                              "children": [
                                {
                                  "name": "bb-left-to-spend-widget-ang-_-3a5da199dce7",
                                  "kind": "widget",
                                  "properties": {
                                    "title": "Left To Spend Widget"
                                  }
                                }
                              ]
                            },
                            {
                              "name": "bb-panel-container-ang-_-1111112",
                              "kind": "container",
                              "properties": {
                                "title": "Dashboard right"
                              },
                              "children": [
                                {
                                  "name": "bb-panel-container-ang-_-11111121",
                                  "kind": "container",
                                  "properties": {
                                    "title": "Dashboard right"
                                  },
                                  "children": [
                                    {
                                      "name": "bb-top-metrics-widget-ang-_-3a5da199dce7",
                                      "kind": "widget",
                                      "properties": {
                                        "title": "Top Metrics Widget"
                                      }
                                    }
                                  ]
                                },
                                {
                                  "name": "bb-top-metrics-widget-ang-_-3a5da179dce7",
                                  "kind": "widget",
                                  "properties": {
                                    "title": "Top Metrics Widget"
                                  }
                                }
                              ]
                            }
                          ]
                        },
                        {
                          "name": "bb-deck-container-ang-_-9349484",
                          "kind": "container",
                          "properties": {
                            "title": "My Products"
                          },
                          "children": [
                            {
                              "name": "bb-panel-container-ang-_-123456",
                              "kind": "container",
                              "properties": {
                                "title": "Products"
                              },
                              "children": [
                                {
                                  "name": "bb-product-summary-ang-_-34231cf6089f",
                                  "kind": "widget",
                                  "properties": {
                                    "title": "Product Summary"
                                  }
                                }
                              ]
                            },
                            {
                              "name": "bb-panel-container-ang-_-2323232",
                              "kind": "container",
                              "properties": {
                                "title": "Transactions"
                              },
                              "children": [
                                {
                                  "name": "product-summary-account-selector-ang-_-34231cf6089f",
                                  "kind": "widget",
                                  "properties": {}
                                },
                                {
                                  "name": "bb-saving-goals-widget-ang-_-34231cf6089b",
                                  "kind": "widget",
                                  "properties": {
                                    "title": "SavingGoals"
                                  }
                                },
                                {
                                  "name": "bb-transactions-list-widget-ang-_-34231cf6089f",
                                  "kind": "widget",
                                  "properties": {
                                    "title": "Transactions"
                                  }
                                }
                              ]
                            }
                          ]
                        },
                        {
                          "name": "bb-panel-container-ang-_-2323432",
                          "kind": "container",
                          "properties": {
                            "title": "New Payment"
                          },
                          "children": [
                            {
                              "name": "bb-payord-initiate-payment-widget-ang-_-3a5da199dce7",
                              "kind": "widget",
                              "properties": {
                                "title": "Payments Widget"
                              }
                            }
                          ]
                        },
                        {
                          "name": "bb-panel-container-ang-_-46456456",
                          "kind": "container",
                          "properties": {
                            "title": "My Contacts"
                          },
                          "children": [
                            {
                              "name": "bb-contacts-widget-ang-_-66fb6a2c6a18",
                              "kind": "widget",
                              "properties": {
                                "title": "Contact manager Widget"
                              }
                            }
                          ]
                        },
                        {
                          "name": "bb-panel-container-ang-_-2356432",
                          "kind": "container",
                          "children": [
                            {
                              "name": "product-summary-account-selector-ang-_-34231cf6033f",
                              "kind": "widget"
                            },
                            {
                              "name": "bb-turnovers-widget-ang-_-3a5da196dce7",
                              "kind": "widget"
                            },
                            {
                              "name": "bb-income-spending-analysis-widget-ang-_-34231cf6089f",
                              "kind": "widget",
                              "properties": {
                                "title": "Spending"
                              }
                            },
                            {
                              "name": "bb-income-spending-analysis-widget-ang-_-34231cf60890",
                              "kind": "widget",
                              "properties": {
                                "title": "Income"
                              }
                            }
                          ]
                        },
                        {
                          "name": "bb-panel-container-ang-_-3214545667",
                          "kind": "container",
                          "properties": {
                            "title": "Budgets"
                          },
                          "children": [
                            {
                              "name": "bb-budget-widget-ang-_-66fb6a2c6a18",
                              "kind": "widget",
                              "properties": {
                                "title": "Budgets Widget"
                              }
                            }
                          ]
                        },
                        {
                          "name": "bb-deck-container-ang-_-84747495",
                          "kind": "container",
                          "properties": {
                            "title": "Portfolio Dashboard"
                          },
                          "children": [
                            {
                              "name": "bb-panel-container-ang-_-ssdsds",
                              "kind": "container",
                              "properties": {
                                "title": "Portfolio Dashboard"
                              },
                              "children": [
                                {
                                  "name": "bb-portfolio-summary-widget-ang-_-66fb6a2c6a18",
                                  "kind": "widget",
                                  "properties": {
                                    "title": "Portfolio Dashboard Widget"
                                  }
                                }
                              ]
                            },
                            {
                              "name": "bb-panel-container-ang-_-464sssss56456",
                              "kind": "container",
                              "properties": {
                                "title": "Portfolio Details"
                              },
                              "children": [
                                {
                                  "name": "bb-panel-container-ang-_-464sssjhjhss56456",
                                  "kind": "container",
                                  "properties": {
                                    "title": "Portfolio Positions"
                                  },
                                  "children": [
                                    {
                                      "name": "bb-portfolio-summary-positions-widget-ang-_-66fb6a2c6a18",
                                      "kind": "widget",
                                      "properties": {
                                        "title": "Portfolio Positions Widget"
                                      }
                                    }
                                  ]
                                },
                                {
                                  "name": "bb-panel-container-ang-_-464ssaagsss56456",
                                  "kind": "container",
                                  "properties": {
                                    "title": "Portfolio Allocations"
                                  },
                                  "children": [
                                    {
                                      "name": "bb-portfolio-summary-allocations-widget-ang-_-66fb6a2c6a18",
                                      "kind": "widget",
                                      "properties": {
                                        "title": "Portfolio Allocations"
                                      }
                                    }
                                  ]
                                },
                                {
                                  "name": "bb-panel-container-ang-_-39r3i4399304",
                                  "kind": "container",
                                  "properties": {
                                    "title": "Portfolio Cumulative Performance"
                                  },
                                  "children": [
                                    {
                                      "name": "bb-portfolio-summary-cumulative-performance-widget-ang-_-66fb6a2c6a18",
                                      "kind": "widget",
                                      "properties": {
                                        "title": "Portfolio Cumulative Performance"
                                      }
                                    }
                                  ]
                                },
                                {
                                  "name": "bb-panel-transactions-container-ang",
                                  "kind": "container",
                                  "properties": {
                                    "title": "Portfolio Transactions"
                                  },
                                  "children": [
                                    {
                                      "name": "bb-portfolio-summary-transactions-filter-widget-ang-_-oaiegaldkfji",
                                      "kind": "widget",
                                      "properties": {}
                                    },
                                    {
                                      "name": "bb-portfolio-summary-transactions-widget-ang-_-oaiegaldkfji",
                                      "properties": {}
                                    }
                                  ]
                                },
                                {
                                  "name": "bb-panel-container-ang-_-980871234813",
                                  "kind": "container",
                                  "properties": {
                                    "title": "Portfolio Valuation"
                                  },
                                  "children": [
                                    {
                                      "name": "bb-portfolio-summary-valuation-widget-ang-_-66fb6a2c6a18",
                                      "kind": "widget",
                                      "properties": {
                                        "title": "Portfolio Valuation"
                                      }
                                    }
                                  ]
                                }
                              ]
                            }
                          ]
                        },
                        {
                          "name": "bb-panel-container-ang-_-2323432re",
                          "kind": "container",
                          "properties": {
                            "title": "Account Statements"
                          },
                          "children": [
                            {
                              "name": "product-summary-account-selector-ang-_-34231cf60s89f",
                              "kind": "widget",
                              "properties": {}
                            },
                            {
                              "name": "bb-product-summary-details-widget-ang-_-3a5da199dce7d",
                              "kind": "widget",
                              "properties": {
                                "title": "Account Details Widget"
                              }
                            }
                          ]
                        }
                      ]
                    }
                  ]
                }
              ]
            }
          ]
        }
      ]
    }
  ]
}