[{
	"id": "0",
	"name": "my-name 0",
	"isRoot": true,
	"text": "Root item 0",
	"childNodes": [{
		"id": "0-0",
		"type": "container",
		"name": "my-name 0-0",
		"text": "Some item 0-0"
	}, {
		"id": "0-1",
		"type": "container",
		"name": "my-name 0-1",
		"text": "Some item 0-1",
		"childNodes": [{
			"id": "0-1-0",
			"type": "widget",
			"name": "my-name 0-1-0",
			"text": "Some item 0-1-0"
		}, {
			"id": "0-1-1",
			"type": "container",
			"name": "my-name 0-1-1",
			"text": "Some item 0-1-1",
			"childNodes": [{
				"id": "0-1-1-0",
				"type": "widget",
				"name": "my-name 0-1-1-0",
				"text": "Some item 0-1-1-0"
			}, {
				"id": "0-1-1-1",
				"type": "widget",
				"name": "my-name 0-1-1-1",
				"text": "Some item 0-1-1-1"
			}, {
				"id": "0-1-1-2",
				"type": "widget",
				"name": "my-name 0-1-1-2",
				"text": "Some item 0-1-1-2 more"
			}]
		}, {
			"id": "0-1-2",
			"type": "widget",
			"name": "my-name 0-1-2",
			"text": "Some item 0-1-2"
		}]
	}, {
		"id": "0-2",
		"type": "container",
		"name": "my-name 0-2",
		"text": "Some item 0-2",
		"childNodes": [{
			"id": "0-2-0",
			"type": "widget",
			"name": "my-name 0-2-0",
			"text": "Some item 0-2-0"
		}, {
			"id": "0-2-1",
			"type": "widget",
			"name": "my-name 0-2-1",
			"text": "Some item 0-2-1"
		}, {
			"id": "0-2-2",
			"type": "widget",
			"name": "my-name 0-2-2",
			"text": "Some item 0-2-2"
		}]
	}, {
		"id": "0-3",
		"type": "widget",
		"name": "my-name 0-3",
		"text": "Some item 0-3"
	}, {
		"id": "1-0",
		"type": "widget",
		"name": "my-name 1-0",
		"text": "Some item 1-0"
	}, {
		"id": "1-1",
		"type": "container",
		"name": "my-name 1-1",
		"text": "Some item 1-1",
		"childNodes": [{
			"id": "1-1-0",
			"type": "widget",
			"name": "my-name 1-1-0",
			"text": "Some item 1-1-0"
		}, {
			"id": "1-1-1",
			"type": "widget",
			"name": "my-name 1-1-1",
			"text": "Some item 1-1-1"
		}, {
			"id": "1-1-2",
			"type": "widget",
			"name": "my-name 1-1-2",
			"text": "Some item 1-1-2"
		}]
	}]
}]